larry hankin,0
louis koo,1
david costabile,2
gano grills,3
jon heder,4
jan hooks,5
herman koto,6
nicholas braun,7
warren beatty,8
bai ling,9
anne parillaud,10
kodi smit-mcphee,11
mark torgl,12
edward everett horton,13
keith allen,14
teddy sears,15
mike doyle,16
rus blackwell,17
joe flaherty,18
sofia black-d'elia,19
vanessa ferlito,20
elizabeth berkley,21
lynn cohen,22
andrew wilson,23
lisa ann walter,24
patti d'arbanville,25
paul michael glaser,26
tim gunn,27
adriano giannini,28
scott porter,29
thure lindhardt,30
samantha morton,31
gert fröbe,32
adam goldberg,33
michael j. morris,34
abigail spencer,35
kathleen robertson,36
jeremy jordan,37
david gallagher,38
judith anderson,39
johanna wokalek,40
robert mitchum,41
alan hale,42
ll cool j,43
alexandra breckenridge,44
eve,45
eddie cibrian,46
chad lindberg,47
michael weston,48
adrienne king,49
zero mostel,50
salli richardson-whitfield,51
jacques perrin,52
reginald owen,53
joe mantegna,54
gulshan grover,55
madison davenport,56
terence hill,57
jean simmons,58
jenni rivera,59
ben cross,60
mélissa désormeaux-poulin,61
andrew daly,62
erika christensen,63
mia wasikowska,64
michael byrne,65
yeardley smith,66
rosanna arquette,67
albert finney,68
tom selleck,69
laurel holloman,70
peter breck,71
peter dinklage,72
amr waked,73
diane ladd,74
remo,75
rick gonzalez,76
jenny agutter,77
germán alcarazu,78
chase masterson,79
angela featherstone,80
brenda blethyn,81
ben vereen,82
adelaide kane,83
megan ambuhl graner,84
rawiri paratene,85
joey lawrence,86
adrien dorval,87
mathieu amalric,88
priscilla presley,89
bill fagerbakke,90
michael welch,91
elena lyadova,92
jake busey,93
george carlin,94
lamman rucker,95
aj michalka,96
katharine mcphee,97
steven waddington,98
dean stockwell,99
shelly varod,100
michael fassbender,101
philippe petit,102
roxane duran,103
peter cushing,104
ni yan,105
elizabeth debicki,106
sammo kam-bo hung,107
tracy morgan,108
david sullivan,109
adam arkin,110
paul sanchez,111
kevin clash,112
jack mcgraw,113
levar burton,114
derek brandon,115
cole hauser,116
katrina bowden,117
ronny dayag,118
austin nichols,119
jean-paul belmondo,120
jet li,121
norman reedus,122
austin o'brien,123
claire foy,124
melissa benoist,125
uday chopra,126
marcus chong,127
sarah michelle gellar,128
oprah winfrey,129
jason tobin,130
mithun chakraborty,131
firass dirani,132
liza minnelli,133
brian van holt,134
stephanie vogt,135
erin boyes,136
manny perez,137
kieran culkin,138
george lazenby,139
michael roark,140
dan byrd,141
joe morton,142
bob saget,143
parminder nagra,144
juliane köhler,145
neville brand,146
deborah kara unger,147
bergüzar korel,148
fana mokoena,149
lindsay wagner,150
scott adsit,151
annet mahendru,152
susan ward,153
milos forman,154
patricia belcher,155
geoffrey arend,156
fedja van huêt,157
jami gertz,158
alex meraz,159
michael nouri,160
dennis quaid,161
aki aleong,162
igor jijikine,163
frank vincent,164
jennifer esposito,165
harry carey jr.,166
james brolin,167
ben falcone,168
sarah lind,169
lochlyn munro,170
lee marvin,171
garrett clayton,172
justin kirk,173
sean hayes,174
zoey deutch,175
ron lester,176
andrés montiel,177
billy gardell,178
stephen baldwin,179
kate dickie,180
zach callison,181
cameron mills,182
hal holbrook,183
damien garvey,184
gregory sierra,185
shane hartline,186
cicely tyson,187
rebecca de mornay,188
ruby harris,189
william sanderson,190
christopher masterson,191
giovanna mezzogiorno,192
bill bailey,193
paul anderson,194
noah ringer,195
carly schroeder,196
rosario dawson,197
alun armstrong,198
timothy bottoms,199
james coburn,200
tiffany dupont,201
todd field,202
swoosie kurtz,203
steve railsback,204
adam rifkin,205
big budah,206
billy crudup,207
denzel washington,208
david hemmings,209
billy west,210
nia peeples,211
sylvia syms,212
nikola djuricko,213
annabella sciorra,214
jesper christensen,215
david hewlett,216
embeth davidtz,217
herbert lom,218
rza,219
dustin fitzsimons,220
mika boorem,221
j.t. walsh,222
sean patrick thomas,223
robert shaw,224
michael o'neill,225
betsy russell,226
atticus shaffer,227
ming-na wen,228
rory kinnear,229
alfre woodard,230
clovis fouin,231
stephen rea,232
lily rabe,233
roger allam,234
mike birbiglia,235
anne hathaway,236
sylvester stallone,237
claudia stedelin,238
esther williams,239
hana mae lee,240
cheryl ladd,241
dominique mcelligott,242
jessica simpson,243
nicholas farrell,244
emily meade,245
michael dudikoff,246
donald pleasence,247
fiona glascott,248
nicholas gonzalez,249
tony way,250
klaus kinski,251
anna friel,252
jason momoa,253
mathieu kassovitz,254
june lockhart,255
tamala jones,256
paul fix,257
brian doyle-murray,258
james badge dale,259
sabrina revelle,260
mark bazeley,261
iben hjejle,262
jason ritter,263
wayne pygram,264
ed lauter,265
teri polo,266
oliver platt,267
jane wyman,268
aisha tyler,269
gustav fröhlich,270
angela cartwright,271
ned beatty,272
shaun weiss,273
yuriy tsurilo,274
rian bishop,275
joie lee,276
robin wright,277
charles napier,278
luke grimes,279
cybill shepherd,280
david alan basche,281
jeff kober,282
john mcglothlin,283
lin shaye,284
bridget fonda,285
brittany daniel,286
charles s. dutton,287
aden young,288
callie thorne,289
chris bauer,290
aaron stanford,291
paul guilfoyle,292
aml ameen,293
jenette goldstein,294
bin won,295
kristin davis,296
emma watson,297
grant heslov,298
leo rossi,299
christopher evan welch,300
lloyd avery ii,301
bruce dern,302
valeria golino,303
toby jones,304
nambitha mpumlwana,305
clifton collins jr.,306
chulpan khamatova,307
joseph cross,308
omar epps,309
hugh jackman,310
atom egoyan,311
mark valley,312
maria dizzia,313
alan ford,314
udo kier,315
max ryan,316
jeffrey jones,317
armando riesco,318
nick stahl,319
haley joel osment,320
lindsay price,321
anslem richardson,322
dan fogler,323
rizwan manji,324
julia nickson,325
gerald mcraney,326
charlotte rampling,327
brian dennehy,328
jessica tandy,329
douglas smith,330
daniel giménez cacho,331
claire geare,332
fares fares,333
craig t. nelson,334
usher raymond,335
dianne wiest,336
chi ling chiu,337
tim mcinnerny,338
bill murray,339
brit morgan,340
gerardo taracena,341
alan williams,342
anna madeley,343
liam neeson,344
jacki weaver,345
pixie davies,346
mel ferrer,347
jonathan caouette,348
aaron yoo,349
gerry becker,350
dan hicks,351
catherine mccormack,352
eduardo noriega,353
ken takakura,354
bruce greenwood,355
christopher webster,356
veronika dash,357
alice englert,358
natalie welch,359
irene papas,360
regi davis,361
toby leonard moore,362
alison doody,363
sandrine kiberlain,364
ron rifkin,365
bobby coleman,366
peter coyote,367
tawny kitaen,368
neil maskell,369
dylan minnette,370
rami malek,371
chazz palminteri,372
debbie reynolds,373
bryan brown,374
amy irving,375
katharine isabelle,376
allison miller,377
brandon t. jackson,378
natasha bedingfield,379
ariane schluter,380
kevin sussman,381
bridgette wilson-sampras,382
rosemarie dewitt,383
garry shandling,384
lou saliba,385
dylan moran,386
kevin michael richardson,387
dania ramirez,388
matt marr,389
brianne brozey,390
aziz muradillayev,391
bipasha basu,392
frank whaley,393
hitoshi matsumoto,394
ryûnosuke kamiki,395
jason george,396
lou adler,397
regina casé,398
charlotte bøving,399
emily watson,400
james fleet,401
richard t. jones,402
péter fancsikai,403
mary-kate olsen,404
bokeem woodbine,405
bill lake,406
heather morris,407
alexandra holden,408
jacqueline bisset,409
chatchai plengpanich,410
emma de caunes,411
paul freeman,412
ray romano,413
ivana milicevic,414
jean stapleton,415
soledad villamil,416
stephen boss,417
dilshad vadsaria,418
cyndi lauper,419
anthony hopkins,420
katia winter,421
jeffrey combs,422
bruce hopkins,423
tye sheridan,424
luke bracey,425
patrick brammall,426
vladimir kulich,427
ashraf barhom,428
g.j. echternkamp,429
chelse swain,430
kevin dillon,431
bernie mac,432
lenore zann,433
lena olin,434
elena anaya,435
christian campbell,436
kad merad,437
ariane labed,438
imelda staunton,439
charlie rowe,440
avery schreiber,441
barry bostwick,442
noah taylor,443
donald glover,444
oliver james,445
julia garner,446
jay o. sanders,447
alexander wraith,448
kate flannery,449
ed speleers,450
desmond llewelyn,451
jonathan mangum,452
joseph sikora,453
mia farrow,454
david della rocco,455
william morgan sheppard,456
faye dunaway,457
christine cavanaugh,458
madison lintz,459
bradley pierce,460
june squibb,461
rekha,462
xander berkeley,463
erin bethea,464
luke kirby,465
everett mcgill,466
tom berenger,467
beau bridges,468
nichola burley,469
tara platt,470
jason patric,471
chris owen,472
jeff bridges,473
julian glover,474
beth riesgraf,475
jamey sheridan,476
christa miller,477
sophia myles,478
mike colter,479
cjon saulsberry,480
mary astor,481
celia weston,482
eric johnson,483
craig fairbrass,484
gina montana,485
alex lawther,486
nona gaye,487
tchéky karyo,488
oleg taktarov,489
chris evans,490
barry corbin,491
kelli garner,492
richard anderson,493
jake lloyd,494
rüdiger vogler,495
sean young,496
collin chou,497
richard sammel,498
marsha thomason,499
noel fisher,500
orson bean,501
natasha gregson wagner,502
melonie diaz,503
allison tolman,504
arturo castro,505
saurabh shukla,506
ricky schroder,507
michael o'keefe,508
woo-sung jung,509
kabir bedi,510
panchito gómez,511
alicia witt,512
kim darby,513
m.c. gainey,514
bruno ganz,515
orla fitzgerald,516
jason lewis,517
taron egerton,518
trevor howard,519
tim dekay,520
burt young,521
akie kotabe,522
christopher atkins,523
geoff stults,524
matt berry,525
ji-tae yu,526
cecilia pillado,527
slim pickens,528
tony cox,529
charlotte le bon,530
ann miller,531
edwin hodge,532
brendan mackey,533
elizabeth stenholt,534
mariel hemingway,535
lincoln hoppe,536
geraldine chaplin,537
adam dimarco,538
tony goldwyn,539
sean buchanan,540
eric stonestreet,541
david patrick kelly,542
traylor howard,543
erica leerhsen,544
alex pettyfer,545
denis leary,546
lobo sebastian,547
reg e. cathey,548
john doman,549
george reeves,550
monique gabriela curnen,551
chris brochu,552
celia imrie,553
anatoliy solonitsyn,554
george c. scott,555
sally kirkland,556
victoria lachelle,557
pamela reed,558
charles linton,559
jennifer lafleur,560
amy poehler,561
al leong,562
bruce willis,563
tony amendola,564
dequina moore,565
anthony lapaglia,566
todd boyce,567
caroline dhavernas,568
jason beghe,569
gary coleman,570
zach galligan,571
iván kamarás,572
alex rocco,573
john aylward,574
bradley whitford,575
emma caulfield,576
kenneth nkosi,577
marie avgeropoulos,578
deborah foreman,579
saul stein,580
jack o'connell,581
jennifer westfeldt,582
don ameche,583
vanessa redgrave,584
brett cullen,585
johanna mørck,586
mary goggin,587
mark hengst,588
ray winstone,589
erik per sullivan,590
michael rapaport,591
sana saeed,592
luke mably,593
sanjay dutt,594
delroy lindo,595
rick fox,596
tim matheson,597
peter mensah,598
olivia williams,599
donald watkins,600
yaya dacosta,601
soleyman pierini,602
katy jurado,603
m. emmet walsh,604
johnny messner,605
zheng xu,606
john wood,607
julie walters,608
vernon wells,609
dick van patten,610
matt malloy,611
karl malden,612
guang li,613
joe lo truglio,614
rick gomez,615
rafe spall,616
howard morris,617
marlon brando,618
michael biehn,619
al pacino,620
lloyd bridges,621
gordon jump,622
50 cent,623
kevin pollak,624
louisa milwood-haigh,625
chita rivera,626
gabrielle reece,627
hector elizondo,628
edgar ramírez,629
jeffrey demunn,630
virginia capers,631
bill duke,632
seth gabel,633
jake weber,634
carl weathers,635
patch darragh,636
george hamilton,637
steve bisley,638
rainn wilson,639
david zayas,640
lupe ontiveros,641
dee bradley baker,642
eric lloyd,643
kerry condon,644
michelle nolden,645
robert wagner,646
lauren ambrose,647
murray hamilton,648
kathleen turner,649
kevin grevioux,650
zoë kravitz,651
dana ivey,652
lisa ray,653
scott a. martin,654
daniel bernhardt,655
woody strode,656
angus t. jones,657
sophie okonedo,658
rory culkin,659
lynn hung,660
dorothy lamour,661
jason robards,662
pant shirt baba,663
gabriel beristain,664
patrick troughton,665
ruth sheen,666
ryôko hirosue,667
matt mccoy,668
ingrid bolsø berdal,669
eve plumb,670
maría valverde,671
reggie lee,672
lauren cohan,673
kelsey grammer,674
ian mcdiarmid,675
angelo tsarouchas,676
michael jai white,677
patrick gallagher,678
ken leung,679
julian richings,680
cheech marin,681
francis capra,682
larry the cable guy,683
bill erwin,684
katherine boecher,685
glenn morshower,686
ty olsson,687
kate upton,688
gina mckee,689
scout taylor-compton,690
estella warren,691
takeshi kusao,692
mykel shannon jenkins,693
paige turco,694
jill hennessy,695
alan dale,696
jerry nelson,697
patrick fischler,698
cj adams,699
chloe bridges,700
colin o'donoghue,701
tom hamann,702
gary farmer,703
ruth wilson,704
rob mcelhenney,705
peter dante,706
merritt wever,707
t.j. thyne,708
elyas m'barek,709
dylan walsh,710
aidan quinn,711
phil lamarr,712
joe cornish,713
rachael harris,714
jessica chastain,715
ben crompton,716
moritz bleibtreu,717
michael cerveris,718
vivica a. fox,719
mark rylance,720
christopher guest,721
rachel ticotin,722
simon rhee,723
leonor varela,724
michael mclafferty,725
yuanyuan gao,726
bern cohen,727
thomas mcdonell,728
aleksey chadov,729
luke edwards,730
george wendt,731
john considine,732
tony corvillo,733
enrico colantoni,734
bill melendez,735
ryan cartwright,736
eric dane,737
ari graynor,738
jimmy smits,739
ashley ashida dixon,740
lew temple,741
pierre dulat,742
taylor nichols,743
kristi clainos,744
per christian ellefsen,745
geoffrey holder,746
dee wallace,747
brooklynn proulx,748
alice braga,749
sergej trifunovic,750
michel côté,751
teresa wright,752
kurt fuller,753
sandrine holt,754
rodney dangerfield,755
holt mccallany,756
victor rivers,757
bruce davison,758
david kelly,759
kirsten dunst,760
leos carax,761
carol kane,762
emily alyn lind,763
justin theroux,764
margarita levieva,765
anna karina,766
dabney coleman,767
james corden,768
joan fontaine,769
gillian jacobs,770
mako,771
anjelica huston,772
robert forster,773
elvis nolasco,774
tom cruise,775
anne bancroft,776
jessica capshaw,777
zelda rubinstein,778
robert miano,779
mary j. blige,780
sarah silverman,781
casey affleck,782
karen allen,783
tamara tunie,784
john gallagher jr.,785
dan o'herlihy,786
thomas horn,787
dorian missick,788
laura spencer,789
kuno becker,790
courtney b. vance,791
montgomery clift,792
gus van sant,793
robert davi,794
leo howard,795
alison lohman,796
david calder,797
billy gilbert,798
essence atkins,799
burgess meredith,800
francis lederer,801
john ireland,802
noah emmerich,803
marilyn norry,804
christopher judge,805
brad garrett,806
patrick bergin,807
veronica cartwright,808
eric stoltz,809
sarah callan,810
jesse tyler ferguson,811
richard masur,812
thekla reuten,813
martin clunes,814
adam brown,815
dick cheney,816
adrian martinez,817
kylie minogue,818
adam garcia,819
philip winchester,820
barret oliver,821
tony devon,822
jimmy fallon,823
jun kunimura,824
rene auberjonois,825
frank gerrish,826
lynn whitfield,827
megan charpentier,828
frank hvam,829
scott takeda,830
françois berléand,831
michael parks,832
bill paterson,833
ted cassidy,834
cary-hiroyuki tagawa,835
waris ahluwalia,836
glenn ford,837
emmanuelle riva,838
larry joe campbell,839
chi mcbride,840
leven rambin,841
kirk baltz,842
vince vieluf,843
jeremy northam,844
tina louise,845
nick chinlund,846
thomas ian nicholas,847
eva marie saint,848
léa drucker,849
catherine o'hara,850
hiam abbass,851
jean peters,852
suzi lorraine,853
david o'hara,854
yûki amami,855
lex barker,856
randall park,857
gloria sandoval,858
balthazar getty,859
lou taylor pucci,860
ari gold,861
robert j. wilke,862
miranda cosgrove,863
michael bolten,864
anupam kher,865
cameron boyce,866
kenneth williams,867
steve-o,868
andy lau,869
coyote shivers,870
riley thomas stewart,871
steve diasparra,872
ahmed hassan,873
ioan gruffudd,874
lukas haas,875
blair underwood,876
mitch pileggi,877
dave legeno,878
margo harshman,879
jonathan frakes,880
toby stephens,881
basher savage,882
stockard channing,883
tom ardavany,884
mishael morgan,885
portia de rossi,886
michael wong,887
quinton aaron,888
nonso anozie,889
ted danson,890
frances lee mccain,891
william hickey,892
don rickles,893
shirley henderson,894
josh gad,895
jeffrey weissman,896
takeshi kaneshiro,897
joe coffey,898
ethan peck,899
kirstie alley,900
vernon dobtcheff,901
jack davenport,902
dwight yoakam,903
mary elizabeth mastrantonio,904
clint mansell,905
tom hanks,906
laz alonso,907
rick aviles,908
kendrick cross,909
jason connery,910
joan chen,911
rachel crow,912
tony curran,913
f. murray abraham,914
george t. odom,915
rodney eastman,916
mari koda,917
tyler labine,918
bella heathcote,919
bradley cooper,920
malonn lévana,921
tatyana ali,922
david suchet,923
shawn andrews,924
robin bartlett,925
sheridan smith,926
diganth,927
aaron staton,928
zoe kazan,929
jordana brewster,930
brandon smith,931
jay mohr,932
tia carrere,933
teala dunn,934
naomi nishida,935
earl cameron,936
tom amandes,937
joe spinell,938
maggie siff,939
thomas f. wilson,940
clint howard,941
tom arnold,942
kate burton,943
mike starr,944
monica potter,945
michael palin,946
burt kwouk,947
jeremy crutchley,948
vincent leclerc,949
alan young,950
randall 'tex' cobb,951
stevie wonder,952
will forte,953
chris miller,954
joanna cassidy,955
paula kelly,956
shelley long,957
larry king,958
noémie lenoir,959
amy yasbeck,960
dyan cannon,961
peter vaughan,962
zan marolt,963
walter pidgeon,964
sasha alexander,965
miranda otto,966
mark duplass,967
nadine velazquez,968
ethan suplee,969
tony jay,970
omar benson miller,971
kevin tighe,972
marlene forte,973
campbell scott,974
joel mchale,975
benoît magimel,976
channing tatum,977
nathan jones,978
john arcilla,979
rosanna desoto,980
john larroquette,981
mae marsh,982
mary mcdonnell,983
philippe nahon,984
keanu reeves,985
lena dunham,986
vinessa shaw,987
lily tomlin,988
joshua ormond,989
roger guenveur smith,990
seth macfarlane,991
katherine lanasa,992
craig roberts,993
caity lotz,994
keshia knight pulliam,995
stéphane rousseau,996
carter jenkins,997
wray crawford,998
clea duvall,999
alia shawkat,1000
jeff garlin,1001
michaela mcmanus,1002
tom cavanagh,1003
lorraine ziff,1004
scott elrod,1005
deborah twiss,1006
elaine cassidy,1007
kati outinen,1008
moises arias,1009
richard e. grant,1010
patsy kensit,1011
patti lupone,1012
paul scofield,1013
dom deluise,1014
nick krause,1015
stuart margolin,1016
david hoffman,1017
john fiedler,1018
bessie love,1019
fernanda machado,1020
anne meara,1021
caitlin fitzgerald,1022
louis lombardi,1023
jamel debbouze,1024
alyson stoner,1025
tulku jamyang kunga tenzin,1026
nathin butler,1027
jenny slate,1028
william zabka,1029
jess harnell,1030
guro nagelhus schia,1031
megan mullally,1032
richard jaeckel,1033
maria conchita alonso,1034
don johnson,1035
christopher lee,1036
khulan chuluun,1037
george chakiris,1038
taylor handley,1039
lior ashkenazi,1040
renée adorée,1041
patrick lyster,1042
richard linklater,1043
michael lieber,1044
kent mccord,1045
brad renfro,1046
paris hilton,1047
henry rollins,1048
michael lerner,1049
ralph richardson,1050
jack taylor,1051
judge reinhold,1052
rip torn,1053
isabelle adjani,1054
whitney able,1055
chris klein,1056
frida hallgren,1057
lynn redgrave,1058
mike epps,1059
kate dollenmayer,1060
stanley b. herman,1061
ludger pistor,1062
mike dopud,1063
loretta devine,1064
drew waters,1065
gedde watanabe,1066
jean arthur,1067
mia kirshner,1068
siobhan fallon hogan,1069
david proval,1070
anushka shetty,1071
william mapother,1072
vincent schiavelli,1073
richard briers,1074
keith richards,1075
todd allen,1076
aaron ashmore,1077
dean dawson,1078
natalie press,1079
nick zano,1080
natasha lyonne,1081
bo huang,1082
shawn parsons,1083
kristen stewart,1084
phylicia rashad,1085
penelope wilton,1086
matt gerald,1087
johnny walter,1088
jason cerbone,1089
ryan bollman,1090
michael chapman,1091
victor webster,1092
lionel barrymore,1093
brady corbet,1094
masi oka,1095
mo'nique,1096
ruby lin,1097
jeff anderson,1098
richard basehart,1099
charlie saxton,1100
bethany joy lenz,1101
matthew sunderland,1102
sean pertwee,1103
fisher stevens,1104
jeanne crain,1105
derek jacobi,1106
dick powell,1107
olivia d'abo,1108
martin scorsese,1109
michael landes,1110
lori petty,1111
tony chiu wai leung,1112
ken marino,1113
jack plotnick,1114
richard farnsworth,1115
kick gurry,1116
bruce spence,1117
matt walsh,1118
fred willard,1119
linda cardellini,1120
david sparrow,1121
katy helvenston-wettengal,1122
laurence olivier,1123
noureen dewulf,1124
nathaniel lees,1125
randeep hooda,1126
dany boon,1127
kelly clarkson,1128
albert dupontel,1129
tommy knight,1130
harry connick jr.,1131
connor corum,1132
geraldine mcewan,1133
junix inocian,1134
james burnett,1135
roseanne barr,1136
laura harring,1137
chloë grace moretz,1138
vanilla ice,1139
annette badland,1140
matthew broderick,1141
nicholas lea,1142
cassidy gifford,1143
alessandro preziosi,1144
gary lewis,1145
benjamin walker,1146
cara delevingne,1147
tyler mane,1148
kate walsh,1149
skye mccole bartusiak,1150
rupert graves,1151
raquel welch,1152
deems taylor,1153
anita mui,1154
johnnie walker,1155
scandar copti,1156
bashar rahal,1157
roger ashton-griffiths,1158
d. david morin,1159
dave chappelle,1160
elizabeth daily,1161
john belushi,1162
jennifer ehle,1163
pat hingle,1164
cara seymour,1165
kadee strickland,1166
james urbaniak,1167
stephen collins,1168
frank grillo,1169
marco st. john,1170
lee arenberg,1171
derek mears,1172
maribel verdú,1173
evgeniy mironov,1174
clifton james,1175
kevin alejandro,1176
frank welker,1177
patrick muldoon,1178
jenifer lewis,1179
brooke shields,1180
meredith scott lynn,1181
michael mckean,1182
joe e. brown,1183
cedric the entertainer,1184
hayley atwell,1185
dana kimmell,1186
aaron kwok,1187
stig frode henriksen,1188
lea thompson,1189
hans matheson,1190
kevin zegers,1191
cécile de france,1192
john savage,1193
donnie dunagan,1194
barney clark,1195
diana ross,1196
amanda detmer,1197
callum rennie,1198
gastón pauls,1199
ramon rodriguez,1200
corbin bernsen,1201
danny masterson,1202
kim dickens,1203
hutch dano,1204
renee olstead,1205
colleen o'shaughnessey,1206
janet jackson,1207
brían f. o'byrne,1208
jim backus,1209
nate parker,1210
john heard,1211
jason scott lee,1212
aretha franklin,1213
béatrice dalle,1214
brendan fraser,1215
sylvia eckhausen,1216
betsy baker,1217
george w. bush,1218
ian hart,1219
keegan connor tracy,1220
leonard roberts,1221
antonio arrué,1222
lesley ann warren,1223
bobby deol,1224
aria noelle curzon,1225
rupert grint,1226
deneen tyler,1227
debra winger,1228
cch pounder,1229
bernard hill,1230
jim belushi,1231
paddy considine,1232
sanjay mishra,1233
lance gross,1234
steve buscemi,1235
jennifer hudson,1236
clint jordan,1237
héctor jiménez,1238
vanessa williams,1239
taylor lautner,1240
penelope ann miller,1241
justin chambers,1242
nelson ascencio,1243
lisa brave,1244
mike white,1245
harvey fierstein,1246
isaiah washington,1247
jennifer grey,1248
jaime zevallos,1249
david fine,1250
arthur agee,1251
jodie whittaker,1252
kathy griffin,1253
jamie lee curtis,1254
frederic forrest,1255
leslie jordan,1256
paulo costanzo,1257
george harris,1258
paul brannigan,1259
amir farrokh hashemian,1260
nicole sullivan,1261
duane jones,1262
robert vaughn,1263
david kross,1264
brenda bakke,1265
cheyenne jackson,1266
deborah kerr,1267
alison brie,1268
natasha richardson,1269
molly shannon,1270
helen hayes,1271
steve howey,1272
craig bierko,1273
ruby dee,1274
kimberly elise,1275
callum blue,1276
rachel blanchard,1277
rollo weeks,1278
fred armisen,1279
cesar romero,1280
gian maria volontè,1281
jesse borrego,1282
patricia neal,1283
chloe rose,1284
fernando rey,1285
archie panjabi,1286
viggo mortensen,1287
common,1288
jenna elfman,1289
virginia madsen,1290
fedor bondarchuk,1291
evelyn jefferson,1292
joe howard,1293
doug bradley,1294
peter marquardt,1295
benedict cumberbatch,1296
stephen dillane,1297
doug e. doug,1298
tisha campbell-martin,1299
terry walters,1300
brandy norwood,1301
david carradine,1302
ava gardner,1303
wendie malick,1304
lenny venito,1305
ludivine sagnier,1306
jack lord,1307
alexia rasmussen,1308
venus schultheis,1309
brad pitt,1310
gabrielle carteris,1311
alana kaniewski,1312
hans weingartner,1313
felicity huffman,1314
michael elphick,1315
harvey korman,1316
jada pinkett smith,1317
megan park,1318
christopher cousins,1319
christopher heyerdahl,1320
ayelet zurer,1321
a. michael baldwin,1322
freddy rodríguez,1323
khandi alexander,1324
gretchen palmer,1325
sam shepard,1326
bob hoskins,1327
madeline kahn,1328
cynthia myers,1329
boyd holbrook,1330
jimi mistry,1331
wayne knight,1332
collette wolfe,1333
ewen bremner,1334
vince mcmahon,1335
maxwell moody,1336
tyrone giordano,1337
vincent pastore,1338
jed brophy,1339
alexis dziena,1340
anthony edwards,1341
kelly preston,1342
sharon small,1343
matthew mcconaughey,1344
michael moore,1345
nia long,1346
simon merrells,1347
brendan sexton iii,1348
denholm elliott,1349
clotilde mollet,1350
ariana richards,1351
susannah york,1352
jean marsh,1353
richard burton,1354
john stamos,1355
joe armstrong,1356
sue corcoran,1357
bob gunton,1358
frances fisher,1359
vincent kartheiser,1360
jim henson,1361
dalia hernández,1362
jessica dublin,1363
jodi lyn o'keefe,1364
sheila hancock,1365
lane smith,1366
eva carrozza,1367
anna kendrick,1368
shelley winters,1369
paul williams,1370
peter boyle,1371
park bench,1372
randy jones,1373
frank langella,1374
texas battle,1375
larry drake,1376
powers boothe,1377
molly c. quinn,1378
william smith,1379
mila kunis,1380
annabelle wallis,1381
brian anthony wilson,1382
natascha mcelhone,1383
daryl sabara,1384
james fox,1385
america ferrera,1386
aimee teegarden,1387
andré wilms,1388
harrison ford,1389
tony nappo,1390
richard dysart,1391
jeanne tripplehorn,1392
vera miles,1393
rory cochrane,1394
nan,1395
cariba heine,1396
jordan trovillion,1397
bud cort,1398
janette armand,1399
sanaa lathan,1400
dong-gun jang,1401
angie dickinson,1402
faizon love,1403
alexander skarsgård,1404
diedrich bader,1405
shea whigham,1406
antony starr,1407
paul blackthorne,1408
joel david moore,1409
peter gerety,1410
johnny lewis,1411
gena rowlands,1412
isabelle nanty,1413
félix moati,1414
john witherspoon,1415
kevin j. o'connor,1416
gilbert roland,1417
marin hinkle,1418
radha mitchell,1419
jack mcgee,1420
emma stone,1421
amber rose revah,1422
kim shaw,1423
karen mok,1424
kathryn erbe,1425
danny arroyo,1426
seu jorge,1427
ethan embry,1428
john carradine,1429
marina sirtis,1430
william hootkins,1431
phill lewis,1432
jeremy sande,1433
robert turano,1434
patrick mcgoohan,1435
kevin nealon,1436
ronny cox,1437
tina fey,1438
alex désert,1439
vin diesel,1440
james frain,1441
robert kennedy jr.,1442
kay panabaker,1443
audrey fleurot,1444
morgan freeman,1445
josh hamilton,1446
daphne zuniga,1447
james lance,1448
bobby kendall,1449
jeremy davies,1450
gabriel thomson,1451
philip baker hall,1452
ye liu,1453
vince colosimo,1454
balinese tari legong dancers,1455
alexander vlahos,1456
paul walker,1457
lucy gordon,1458
corbin bleu,1459
dawn french,1460
jim varney,1461
emily baldoni,1462
tate taylor,1463
lisagay hamilton,1464
amy sedaris,1465
jennifer garner,1466
joan allen,1467
sam waterston,1468
james wolk,1469
ellen burstyn,1470
dian bachar,1471
devin ratray,1472
reece ritchie,1473
sara forestier,1474
len cariou,1475
sandra staggs,1476
zaide silvia gutiérrez,1477
christa b. allen,1478
michael kelly,1479
tom skerritt,1480
meryl streep,1481
preity zinta,1482
gloria foster,1483
casey siemaszko,1484
jeff seymour,1485
ellen barkin,1486
katie aselton,1487
nick damici,1488
benjamin j. cain jr.,1489
a.j. buckley,1490
erin o'brien,1491
josh charles,1492
vincent gallo,1493
tom hollander,1494
michael j. burg,1495
cam clarke,1496
gael le cornec,1497
adam lamberg,1498
silvio muccino,1499
philip seymour hoffman,1500
mike vogel,1501
david keith,1502
nancy travis,1503
mark gatiss,1504
jaymes butler,1505
kostja ullmann,1506
miranda richardson,1507
chris penn,1508
shelley hennig,1509
hill harper,1510
salvator xuereb,1511
omari hardwick,1512
illeana douglas,1513
dallas roberts,1514
charlie bewley,1515
christian alvarez,1516
gary oldman,1517
youssef hajdi,1518
eddie jones,1519
susanna thompson,1520
robin shou,1521
matthew knight,1522
stephen mchattie,1523
robert de niro,1524
matthew perry,1525
neil diamond,1526
carmen electra,1527
reda kateb,1528
susie essman,1529
harold gould,1530
samaire armstrong,1531
kenneth cranham,1532
patton oswalt,1533
olivia munn,1534
cas anvar,1535
beau garrett,1536
alyson hannigan,1537
carmen argenziano,1538
melanie kinnaman,1539
leslie bibb,1540
w. earl brown,1541
mikaal bates,1542
kaitlin olson,1543
donna murphy,1544
danny dyer,1545
nat faxon,1546
chuck mitchell,1547
tim abell,1548
tom virtue,1549
wesley jonathan,1550
robert lopez,1551
dean jones,1552
michael beck,1553
albert delpy,1554
david denman,1555
olivia cooke,1556
steffinnie phrommany,1557
wendi mclendon-covey,1558
matt prokop,1559
carroll baker,1560
lee armstrong,1561
roshan seth,1562
trevor morgan,1563
stevan mena,1564
alexa penavega,1565
jason london,1566
zooey deschanel,1567
andrea frankle,1568
johnny harris,1569
michael angarano,1570
nia vardalos,1571
billy boyd,1572
steve reevis,1573
alex mcarthur,1574
raven-symoné,1575
eugenio derbez,1576
lindsay duncan,1577
jay adams,1578
will ferrell,1579
alonna shaw,1580
vanessa angel,1581
suraj sharma,1582
jj feild,1583
megalyn echikunwoke,1584
shaun evans,1585
david oyelowo,1586
donovan scott,1587
jack palance,1588
todd graff,1589
daniel kash,1590
adam boyer,1591
klaus maria brandauer,1592
billy drago,1593
david agranov,1594
jane krakowski,1595
nicholas turturro,1596
chandler canterbury,1597
john de lancie,1598
gregg henry,1599
peter gallagher,1600
zane holtz,1601
tod fennell,1602
brenda strong,1603
kyla pratt,1604
nina arianda,1605
jason marsden,1606
burghart klaußner,1607
joe bishop,1608
matt damon,1609
cecil kellaway,1610
markéta irglová,1611
joshua mikel,1612
santiago segura,1613
hayden christensen,1614
mandy gonzalez,1615
kyra sedgwick,1616
marques houston,1617
rob riggle,1618
joan plowright,1619
linda kozlowski,1620
ryan reynolds,1621
brad william henke,1622
geoffrey palmer,1623
clarke peters,1624
sid haig,1625
russell tovey,1626
peter stickles,1627
mekhi phifer,1628
flea,1629
ryan robbins,1630
jon lovitz,1631
jason cope,1632
joseph julian soria,1633
ji-won ha,1634
adel karam,1635
kirby bliss blanton,1636
ben mendelsohn,1637
marc anthony,1638
gary lockwood,1639
colin firth,1640
nicole beharie,1641
samantha mathis,1642
sydney pollack,1643
kerr smith,1644
john d'leo,1645
basil rathbone,1646
natalie canerday,1647
tom hardy,1648
keenan tracey,1649
monica calhoun,1650
jessica mcnamee,1651
val kilmer,1652
dirk bogarde,1653
hunter parrish,1654
liam aiken,1655
larry miller,1656
donald faison,1657
bailee madison,1658
sullivan stapleton,1659
paula jai parker,1660
jack mcbrayer,1661
lara pulver,1662
chris noth,1663
peng lin,1664
kalim chandler,1665
yaphet kotto,1666
cameron bright,1667
irène jacob,1668
heath ledger,1669
jessica bowman,1670
noel gugliemi,1671
michael dorman,1672
pierre prieur,1673
tika sumpter,1674
danny pino,1675
maria doyle kennedy,1676
kari wuhrer,1677
brian johnson,1678
sayed badreya,1679
maïwenn,1680
zohra segal,1681
jack thompson,1682
jenny mccarthy,1683
matthew feeney,1684
susan may pratt,1685
john simm,1686
kevin rankin,1687
mark christopher lawrence,1688
sebastian koch,1689
thomas kretschmann,1690
julie gonzalo,1691
kenan thompson,1692
jeffrey dover,1693
james gunn,1694
tim daly,1695
tracey walter,1696
dulé hill,1697
jerry stiller,1698
jim gaffigan,1699
aasif mandvi,1700
danny woodburn,1701
jan cornet,1702
riz ahmed,1703
david a.r. white,1704
gabriel damon,1705
paul adelstein,1706
aimee garcia,1707
olympia dukakis,1708
cleavon little,1709
yeong-ae lee,1710
alex vincent,1711
eric elmosnino,1712
jared gilman,1713
colm feore,1714
robbie kay,1715
sarah polley,1716
jane adams,1717
selton mello,1718
ace marrero,1719
harold ramis,1720
t.v. carpio,1721
brandon molale,1722
marian marsh,1723
alexa davalos,1724
bryce dallas howard,1725
temuera morrison,1726
logan lerman,1727
josé wilker,1728
jonathan sadowski,1729
kimberly williams-paisley,1730
ken bevel,1731
darryl cox,1732
maurice lamarche,1733
annie parisse,1734
robert rusler,1735
fred rogers,1736
damon wayans jr.,1737
zach grenier,1738
phil collins,1739
tao okamoto,1740
shawnee smith,1741
thomas lennon,1742
sissy spacek,1743
stephen graham,1744
khamani griffin,1745
françois cluzet,1746
daniel wu,1747
sean cook,1748
henry czerny,1749
david hyde pierce,1750
deborra-lee furness,1751
alan ruck,1752
ben miles,1753
amy carson,1754
elizabeth meriwether,1755
carlos ponce,1756
james d'arcy,1757
gina holden,1758
dottie alexander,1759
bridgit mendler,1760
tichina arnold,1761
heather langenkamp,1762
wanda sykes,1763
anne heche,1764
jim sturgess,1765
jim parrack,1766
robin atkin downes,1767
julia taylor ross,1768
joe egan,1769
heather o'rourke,1770
ana claudia talancón,1771
talisa soto,1772
stephen walters,1773
louis mustillo,1774
casey kasem,1775
madeline carroll,1776
aldis hodge,1777
eric stuart,1778
edie falco,1779
frankie muniz,1780
gregory smith,1781
charlie tahan,1782
amy ryan,1783
brian thompson,1784
christian camargo,1785
greg grunberg,1786
spencer tracy,1787
ryan corr,1788
david margulies,1789
sarah roemer,1790
thomas brophy,1791
christine taylor,1792
kevin corrigan,1793
vera wilson,1794
nicholas simmons,1795
kip pardue,1796
helen mccrory,1797
gerard butler,1798
curtiss cook,1799
james franco,1800
adrian paul,1801
regina hall,1802
melissa roxburgh,1803
aleksa palladino,1804
michiel huisman,1805
lois smith,1806
pruitt taylor vince,1807
scoot mcnairy,1808
tom wilkinson,1809
martin henderson,1810
riley smith,1811
eric idle,1812
gina bellman,1813
jimmy nail,1814
paul gross,1815
lloyd kaufman,1816
john lone,1817
elliott gould,1818
rod steiger,1819
malcolm goodwin,1820
jodi benson,1821
jaleel white,1822
peter ustinov,1823
scott glenn,1824
daniel stern,1825
meghan heffern,1826
randy wayne,1827
carrie henn,1828
dennis franz,1829
eric schweig,1830
keisha castle-hughes,1831
kazunari ninomiya,1832
birgitte hjort sørensen,1833
torey michael adkins,1834
abraham benrubi,1835
brendan coyle,1836
greg germann,1837
demi moore,1838
jason flemyng,1839
david julian hirsh,1840
kathleen kinmont,1841
nancy o'dell,1842
thomas law,1843
joe don baker,1844
richard schiff,1845
emily wickersham,1846
austin pendleton,1847
jim broadbent,1848
shailene garnett,1849
edi gathegi,1850
ricardo montalban,1851
ato essandoh,1852
lois maxwell,1853
katy mixon,1854
michael harding,1855
james ransone,1856
david niven,1857
josh zuckerman,1858
mireille enos,1859
randy quaid,1860
j.b. smoove,1861
amber valletta,1862
kathryn morris,1863
nathan parsons,1864
anna nakagawa,1865
kevin dunn,1866
danny huston,1867
curtis armstrong,1868
bhoomika chawla,1869
harland williams,1870
shona kay,1871
traci lords,1872
buzz aldrin,1873
phil hartman,1874
lillian adams,1875
eamonn walker,1876
mary tsoni,1877
randy jay burrell,1878
gregory cruz,1879
goran visnjic,1880
dick clark,1881
gilbert gottfried,1882
spencer wilding,1883
matthew daddario,1884
steven mackintosh,1885
shanley caswell,1886
katrina kaif,1887
ella wahlestedt,1888
naomi watts,1889
courtney bell,1890
drew fuller,1891
lhakpa dorji,1892
gary stretch,1893
jessica lindsey,1894
chen chang,1895
t.r. silambarasan,1896
treat williams,1897
william lee scott,1898
jon tenney,1899
steve schirripa,1900
josh hutcherson,1901
agnes bruckner,1902
wendy crewson,1903
martin landau,1904
richard bull,1905
penn jillette,1906
richard roundtree,1907
salma hayek,1908
snoop dogg,1909
costas mandylor,1910
natalie portman,1911
gyton grantley,1912
ashley bell,1913
john beck,1914
enrique villén,1915
abhishek bachchan,1916
mark wingett,1917
rhonda fleming,1918
roger rees,1919
debra messing,1920
jason trost,1921
roger cross,1922
emily ratajkowski,1923
anthony zerbe,1924
yû aoi,1925
shin'ya tsukamoto,1926
jack nance,1927
gloria votsis,1928
kate del castillo,1929
blythe danner,1930
katherine parkinson,1931
jesse mccartney,1932
vivian lamolli,1933
michael irby,1934
jason cottle,1935
lara flynn boyle,1936
kate winslet,1937
stark sands,1938
kevin chamberlin,1939
john vernon,1940
greg speirs,1941
steven christopher parker,1942
laurie metcalf,1943
robert duvall,1944
john gielgud,1945
jenna boyd,1946
josh hopkins,1947
monda scott,1948
hayley kiyoko,1949
shauna macdonald,1950
milla jovovich,1951
emma kenney,1952
mark moses,1953
lisa edelstein,1954
tim russ,1955
sophie nélisse,1956
peter capaldi,1957
zayn malik,1958
sean harris,1959
hoke howell,1960
matt frewer,1961
zachary gordon,1962
shane rangi,1963
martin starr,1964
terry pheto,1965
jason mewes,1966
isabelle huppert,1967
minnie driver,1968
hye-kyo song,1969
walter brennan,1970
karen pittman,1971
benoît poelvoorde,1972
ashley laurence,1973
dax flame,1974
bronagh gallagher,1975
marian seldes,1976
chris kattan,1977
matt servitto,1978
john michael higgins,1979
josh henderson,1980
richard coyle,1981
matt smith,1982
angelina jolie pitt,1983
bob clendenin,1984
virginie ledoyen,1985
dana delany,1986
chelsea field,1987
meat loaf,1988
john ratzenberger,1989
john amos,1990
cynthia rhodes,1991
eddie marsan,1992
yuval diskin,1993
joanna 'jojo' levesque,1994
martin short,1995
rick worthy,1996
wes studi,1997
kyra nichols,1998
patrick bauchau,1999
tom everett,2000
eric jacobson,2001
luke treadaway,2002
mackenzie crook,2003
harold perrineau,2004
ian mune,2005
zach gilford,2006
david mersault,2007
bill cobbs,2008
billy burke,2009
kate mckinnon,2010
lucas bryant,2011
marv albert,2012
frank finlay,2013
lili taylor,2014
kiernan shipka,2015
tim thomerson,2016
adam scott,2017
eddie griffin,2018
megan burns,2019
sean huze,2020
robert blake,2021
jackie gleason,2022
kevin leslie,2023
ron moody,2024
indira varma,2025
tom bosley,2026
mare winningham,2027
donald gibb,2028
brian geraghty,2029
charlie yeung,2030
mike nawrocki,2031
jeff fahey,2032
howard keel,2033
constance marie,2034
sean kingston,2035
ray walston,2036
stephen marcus,2037
eva green,2038
jordi mollà,2039
wendee lee,2040
rufus sewell,2041
esai morales,2042
keeley hawes,2043
glynis johns,2044
will smith,2045
chris new,2046
brigitte nielsen,2047
amber benson,2048
royal dano,2049
bob balaban,2050
elaine hendrix,2051
leslie carlson,2052
lee ingleby,2053
henry thomas,2054
mikki padilla,2055
sid caesar,2056
mekia cox,2057
neil flynn,2058
dwayne johnson,2059
lola dueñas,2060
bruce altman,2061
barbara hershey,2062
d.b. sweeney,2063
matt long,2064
jason alexander,2065
victor zinck jr.,2066
simon mcburney,2067
alex russell,2068
peter jason,2069
alan pietruszewski,2070
tygo gernandt,2071
john neville,2072
dougray scott,2073
janet mcteer,2074
theo james,2075
ben daniels,2076
lauren german,2077
clive standen,2078
judy greer,2079
omar metwally,2080
martin semmelrogge,2081
jon foster,2082
larry david,2083
morgan fairchild,2084
robb wells,2085
reeve carney,2086
holly valance,2087
finn wittrock,2088
christoph waltz,2089
ayesha omar,2090
daniel radcliffe,2091
kristin scott thomas,2092
spencer treat clark,2093
kelly brook,2094
lucy gaskell,2095
christina milian,2096
lela rochon,2097
gary cole,2098
amrish puri,2099
nacho vigalondo,2100
mario cimarro,2101
la'princess jackson,2102
jeremy renner,2103
stephen root,2104
paula garcés,2105
jim carter,2106
sharlto copley,2107
ezra miller,2108
dickie jones,2109
sharon lawrence,2110
brendan fehr,2111
rachel true,2112
james pickens jr.,2113
camryn manheim,2114
teri garr,2115
brock peters,2116
abbie cornish,2117
tamara glynn,2118
angela nordeng,2119
marc trottier,2120
j.j. abrams,2121
kenny baker,2122
adrian lester,2123
don cheadle,2124
brooke smith,2125
domenick lombardozzi,2126
eva amurri martino,2127
djimon hounsou,2128
daniella alonso,2129
stacy keach,2130
kyle schmid,2131
jürgen prochnow,2132
jon favreau,2133
nathan lane,2134
michael spears,2135
marie-josée croze,2136
claude rains,2137
danny nucci,2138
kamil mcfadden,2139
cathy moriarty,2140
minoru chiaki,2141
charlize theron,2142
keram malicki-sánchez,2143
lina esco,2144
kiran shah,2145
matt jones,2146
louis herthum,2147
sarah gadon,2148
elijah kelley,2149
joaquim de almeida,2150
stanley blystone,2151
maile flanagan,2152
daniela bianchi,2153
lindsay sloane,2154
meisa kuroki,2155
archie kao,2156
lee j. cobb,2157
christian bale,2158
alan rickman,2159
traci dinwiddie,2160
richard roxburgh,2161
luke benward,2162
yuqi zhang,2163
terry kinney,2164
windell middlebrooks,2165
ellen albertini dow,2166
paul scheer,2167
bill maher,2168
dan futterman,2169
robert picardo,2170
piper mackenzie harris,2171
vicky krieps,2172
liam james,2173
grace gummer,2174
michael winslow,2175
mink stole,2176
rosie perez,2177
ryan donowho,2178
tanya van graan,2179
georgina reilly,2180
leslie caron,2181
alanna ubach,2182
miko hughes,2183
jennifer jason leigh,2184
wayne brady,2185
shelley duvall,2186
omar sy,2187
valerie cruz,2188
jaime king,2189
saffron burrows,2190
marg helgenberger,2191
kane hodder,2192
adhir kalyan,2193
clu gulager,2194
jimi hendrix,2195
michael papajohn,2196
dylan baker,2197
brian howe,2198
bruce boxleitner,2199
jonny weston,2200
marty lindsey,2201
vincent regan,2202
dan hedaya,2203
jackson nicoll,2204
verne troyer,2205
reid ewing,2206
hugh ducklow,2207
cameron monaghan,2208
sally hawkins,2209
fred gwynne,2210
chris brown,2211
tom noonan,2212
tal bachman,2213
andre braugher,2214
louis mandylor,2215
perry king,2216
tim blake nelson,2217
denis o'hare,2218
david bailie,2219
bernardo saracino,2220
sung-kee ahn,2221
margot kidder,2222
melanie griffith,2223
christopher berry,2224
mick lally,2225
stephane gauger,2226
patrick wayne,2227
nigel bruce,2228
william xifaras,2229
hervé villechaize,2230
robert downey jr.,2231
chad allen,2232
nancy ison,2233
john enos iii,2234
bill allen,2235
billy blair,2236
daniel henney,2237
amanda kearsan,2238
jane fonda,2239
will patton,2240
dustin nguyen,2241
lois chiles,2242
shirley knight,2243
rhys wakefield,2244
justin edward seale,2245
cheryl hines,2246
belén rueda,2247
richard lynch,2248
eduardo verástegui,2249
connie nielsen,2250
heather matarazzo,2251
adam sandler,2252
adam baldwin,2253
polly walker,2254
lester speight,2255
fionnula flanagan,2256
suzie steen,2257
bob dylan,2258
jansen panettiere,2259
david kennedy,2260
anne archer,2261
jennifer landa,2262
donna reed,2263
derek luke,2264
beverly d'angelo,2265
paul elia,2266
roger jackson,2267
eddie deezen,2268
adrienne barbeau,2269
the edge,2270
colin salmon,2271
scarlett johansson,2272
chris pontius,2273
ed skrein,2274
adrian gonzalez,2275
nick cannon,2276
marcia debonis,2277
drew carey,2278
lee evans,2279
james gammon,2280
lola glaudini,2281
glen powell,2282
bobb'e j. thompson,2283
cyril raffaelli,2284
oona laurence,2285
debi mazar,2286
christopher toler,2287
currie graham,2288
maximilian schell,2289
zinedine soualem,2290
patrick fugit,2291
dominic cooper,2292
tate donovan,2293
daniel roebuck,2294
jon hamm,2295
alycia debnam-carey,2296
janel parrish,2297
max beesley,2298
danneel ackles,2299
lynne thigpen,2300
valente rodriguez,2301
clifton powell,2302
joe pingue,2303
hugh mun,2304
adam butcher,2305
ken howard,2306
scott mechlowicz,2307
mary mccormack,2308
miriam shor,2309
lauren holly,2310
brock baker,2311
johanna braddy,2312
marc donato,2313
neil brown jr.,2314
aitana sánchez-gijón,2315
kelly reno,2316
olivia wilde,2317
kelly jo minter,2318
nolan gerard funk,2319
ryan o'neal,2320
rene russo,2321
terry,2322
ni ni,2323
david murray,2324
nina hoss,2325
nora arnezeder,2326
everett sloane,2327
sebastian schipper,2328
darren mcgavin,2329
russell wong,2330
manoj bajpayee,2331
gabourey sidibe,2332
ben feldman,2333
michael cudlitz,2334
william hurt,2335
steven berkoff,2336
mara wilson,2337
dash mihok,2338
rupert evans,2339
holly hunter,2340
taran killam,2341
andré dussollier,2342
daryl hannah,2343
david huddleston,2344
claude-oliver rudolph,2345
chris elliott,2346
matt ross,2347
ron palillo,2348
timothy hutton,2349
larry bagby,2350
ashley scott,2351
luke newberry,2352
mark webber,2353
mark margolis,2354
wilson guerrero,2355
paul schneider,2356
frances o'connor,2357
irene bedard,2358
ron howard,2359
j.d. evermore,2360
steve coogan,2361
gaby hoffmann,2362
rex harrison,2363
alden ehrenreich,2364
brittany curran,2365
lily cole,2366
taylor blackwell,2367
douglas haase,2368
ken foree,2369
leonard nimoy,2370
carl gilliard,2371
david gulpilil,2372
anthony simcoe,2373
eddie izzard,2374
cree kelly,2375
kara hayward,2376
daniel von bargen,2377
jon polito,2378
mindy kaling,2379
lindy booth,2380
anna-louise plowman,2381
evan ross,2382
marc blucas,2383
andrew garfield,2384
woody allen,2385
nichelle nichols,2386
qi shu,2387
kang-ho song,2388
jean-claude dreyfus,2389
dagmara dominczyk,2390
aaron hughes,2391
fred ward,2392
richard norton,2393
andrew lawrence,2394
julie benz,2395
veronika vernadskaya,2396
cindymarie small,2397
justin timberlake,2398
sameer ali khan,2399
nimrat kaur,2400
tzi ma,2401
sean maher,2402
eartha kitt,2403
eliza coupe,2404
richard beymer,2405
norah jones,2406
marisa coughlan,2407
tasha smith,2408
richard howland,2409
emilia clarke,2410
sam mcmurray,2411
christian stolte,2412
om puri,2413
michael jordan,2414
paul sorvino,2415
pei-pei cheng,2416
tucker albrizzi,2417
celeste holm,2418
noah lomax,2419
katherine waterston,2420
vic morrow,2421
zachery ty bryan,2422
vanity,2423
lisaraye mccoy,2424
rumer willis,2425
ty burrell,2426
mike 'the miz' mizanin,2427
maria grazia cucinotta,2428
topol,2429
orlando bloom,2430
bruce mcgill,2431
artyom bogucharskiy,2432
beth grant,2433
benedict wong,2434
tessa thompson,2435
tim guinee,2436
jacques brel,2437
george sanders,2438
nick searcy,2439
julia roberts,2440
ulrich mühe,2441
chris marquette,2442
adam lefevre,2443
shazahn padamsee,2444
frances conroy,2445
kevin gage,2446
kevin mccarthy,2447
julia ormond,2448
michael stuhlbarg,2449
jay hernandez,2450
madhuri dixit,2451
bill martone,2452
eddie redmayne,2453
robert maillet,2454
michael jeter,2455
vladimir garin,2456
vanessa lengies,2457
karen young,2458
alexandra maria lara,2459
kurtwood smith,2460
andrew keegan,2461
jimmy shergill,2462
anthony chau-sang wong,2463
jack albertson,2464
alessandro nivola,2465
edwin neal,2466
roger willie,2467
warren oates,2468
linda fiorentino,2469
demián bichir,2470
lou perryman,2471
eva larue,2472
lillian gish,2473
gregory itzin,2474
larenz tate,2475
edouard baer,2476
connor paolo,2477
levon helm,2478
jorge garcia,2479
annabeth gish,2480
michael nyqvist,2481
catherine tate,2482
steven michael quezada,2483
mike o'malley,2484
alan van sprang,2485
elio germano,2486
rupert everett,2487
eddie 'piolin' sotelo,2488
tom welling,2489
boris kodjoe,2490
wilson cruz,2491
paul hogan,2492
greta gerwig,2493
roy dupuis,2494
rosie traynor,2495
paz vega,2496
richard burgi,2497
jesse moss,2498
joseph gilgun,2499
janeane garofalo,2500
daniel auteuil,2501
harry lennix,2502
daniel sharman,2503
pierfrancesco favino,2504
simon yam,2505
fred melamed,2506
clayne crawford,2507
sticky fingaz,2508
bonnie lee bouman,2509
tom guiry,2510
landon liboiron,2511
jacob vargas,2512
maury chaykin,2513
michael greyeyes,2514
ben gazzara,2515
tyra banks,2516
omri katz,2517
leila hatami,2518
steve james,2519
cliff robertson,2520
fiona shaw,2521
natasha henstridge,2522
ringo starr,2523
raul julia,2524
john forsythe,2525
darren shahlavi,2526
drea de matteo,2527
john billingsley,2528
juan luis galiardo,2529
trevor blumas,2530
paul ben-victor,2531
leonardo dicaprio,2532
jenny o'hara,2533
david rasche,2534
cinda mccain,2535
jorge salinas,2536
billy brown,2537
elizabeth perkins,2538
michael mcglone,2539
saïd taghmaoui,2540
iddo goldberg,2541
kim thomson,2542
sarita choudhury,2543
kevin connolly,2544
kelli williams,2545
marley shelton,2546
ophelia lovibond,2547
steve carell,2548
wendy raquel robinson,2549
kevin mcnally,2550
toby huss,2551
christopher meloni,2552
yayan ruhian,2553
kelly macdonald,2554
mary lynn rajskub,2555
michael raymond-james,2556
armin mueller-stahl,2557
matt lucas,2558
robert neary,2559
natalie imbruglia,2560
jurnee smollett-bell,2561
s. epatha merkerson,2562
sonoya mizuno,2563
ryan kennedy,2564
jamie kennedy,2565
seymour cassel,2566
isabella rossellini,2567
randy couture,2568
marc john jefferies,2569
romany malco,2570
michael gough,2571
conchata ferrell,2572
mario lopez,2573
sam trammell,2574
leonor watling,2575
alfie allen,2576
martin donovan,2577
jennifer hale,2578
judy davis,2579
busy philipps,2580
clarence williams iii,2581
sebastian aguilar,2582
alan oppenheimer,2583
will estes,2584
bobby moynihan,2585
eli marienthal,2586
jordan bridges,2587
chris mulkey,2588
sonia braga,2589
jennifer saunders,2590
albert brooks,2591
peter mark richman,2592
joseph cotten,2593
greg aronowitz,2594
dann florek,2595
jake gyllenhaal,2596
joely richardson,2597
synnøve macody lund,2598
rob paulsen,2599
shiri appleby,2600
ossie davis,2601
tobias menzies,2602
cree summer,2603
ashley williams,2604
elodie yung,2605
sela ward,2606
dexter fletcher,2607
jason evers,2608
sam claflin,2609
victoria leigh,2610
constance shulman,2611
andrew simpson,2612
leon,2613
elden henson,2614
hope davis,2615
sessue hayakawa,2616
michael wincott,2617
jacques gamblin,2618
mario van peebles,2619
mark addy,2620
josé ferrer,2621
eric winter,2622
diego ramos,2623
warren clarke,2624
ivan barnev,2625
marshall allman,2626
daniel stewart sherman,2627
shantel vansanten,2628
sakina jaffrey,2629
bianca collins,2630
nicky katt,2631
kate higgins,2632
tiya sircar,2633
maura tierney,2634
max casella,2635
reef ireland,2636
magda szubanski,2637
andrea vergara,2638
odeya rush,2639
