stuart gillard,0
tony bill,1
damon santostefano,2
warren beatty,3
andrew leman,4
tony richardson,5
tom mcloughlin,6
duncan jones,7
jill sprecher,8
hunter richards,9
dean deblois,10
geoffrey sax,11
james melkonian,12
clive barker,13
ken shapiro,14
allan dwan,15
tony bancroft,16
george a. romero,17
jay russell,18
jean-paul rappeneau,19
andrew adamson,20
andrew wilson,21
dave rodriguez,22
paul michael glaser,23
chris wedge,24
david yates,25
peter hedges,26
brian henson,27
david lachapelle,28
john putch,29
joshua seftel,30
burr steers,31
adam goldberg,32
rachel goldenberg,33
christian alvart,34
hayao miyazaki,35
hsiao-hsien hou,36
stefan c. schaefer,37
livingston oden,38
edgar wright,39
tim chambers,40
terron r. parsons,41
derick martini,42
james bobin,43
étienne faure,44
bennett miller,45
patrick hughes,46
rick famuyiwa,47
jacques perrin,48
kerry conran,49
tim hunter,50
shane black,51
john lafia,52
fabián bielinsky,53
frank oz,54
guy maddin,55
joshua oppenheimer,56
michael kang,57
vladlen barbe,58
fina torres,59
mark dindal,60
thomas vinterberg,61
remo,62
mcg,63
sylvio tabet,64
vicky jewson,65
joel edgerton,66
renny harlin,67
russell mulcahy,68
dave payne,69
mathieu amalric,70
moustapha akkad,71
john landis,72
kent alterman,73
stewart raffill,74
stephen chbosky,75
avi nesher,76
angelo pizzo,77
patrice leconte,78
howard hughes,79
david s. goyer,80
rich christiano,81
ashish r. mohan,82
sammo kam-bo hung,83
max mayer,84
stanton barrett,85
andrei tarkovsky,86
caryn waechter,87
pawel pawlikowski,88
thea sharrock,89
gillian robespierre,90
anne fletcher,91
nick hurran,92
warren p. sonoda,93
jean-jacques annaud,94
prachya pinkaew,95
cal brunker,96
frank nissen,97
frank laloggia,98
andy tennant,99
george p. cosmatos,100
juan josé campanella,101
jon poll,102
rodrigo cortés,103
boaz yakin,104
dick richards,105
sergio leone,106
thomas l. phillips,107
derek cianfrance,108
rob zombie,109
christopher smith,110
lasse hallström,111
marc schölermann,112
j blakeson,113
mark l. lester,114
phillip noyce,115
bob saget,116
paul w.s. anderson,117
dominique othenin-girard,118
gary winick,119
scott frank,120
jimmy hayward,121
chris d'arienzo,122
jason naumann,123
john crowley,124
milos forman,125
shawn levy,126
greg mottola,127
james watkins,128
jamie thraves,129
william bindley,130
kunihiko yuyama,131
daniel mellitz,132
herb freed,133
vincente minnelli,134
alejandro agresti,135
keith parmer,136
lance mcdaniel,137
barry skolnick,138
rob reiner,139
william brent bell,140
philip g. atwell,141
roger donaldson,142
yorgos lanthimos,143
john gatins,144
bruce hunt,145
neil mcenery-west,146
christopher nolan,147
michael winner,148
trey parker,149
jonathan liebesman,150
mike mccoy,151
todd field,152
michael landon jr.,153
adam rifkin,154
tom gormican,155
adrian lyne,156
andrés couturier,157
david cronenberg,158
anthony o'brien,159
mike mills,160
denzel washington,161
bronwen hughes,162
david lowery,163
gary david goldberg,164
sam fell,165
mike marvin,166
rania attieh,167
stewart hendler,168
alejandro g. iñárritu,169
david silverman,170
chatrichalerm yukol,171
nils gaup,172
scott smith,173
dean wright,174
joey lauren adams,175
larry clark,176
wolfgang becker,177
lisa azuelos,178
sylvester stallone,179
carl rinsch,180
barry levinson,181
chris carter,182
kevin reynolds,183
takashi shimizu,184
julio depietro,185
christopher mcquarrie,186
p.j. hogan,187
justin kerrigan,188
benson lee,189
jack perez,190
stephen hopkins,191
bob clark,192
todd strauss-schulson,193
amy holden jones,194
roland emmerich,195
robert iscove,196
jonathan lynn,197
mathieu kassovitz,198
camille delamarre,199
karen moncrieff,200
denis villeneuve,201
alan taylor,202
glen morgan,203
frank coraci,204
scott cooper,205
katsuhiro ôtomo,206
olivier assayas,207
c. fraser press,208
john bonito,209
lance hool,210
francis ford coppola,211
terry george,212
dennis gansel,213
shona auerbach,214
uwe boll,215
malcolm d. lee,216
travis romero,217
kaige chen,218
brett leonard,219
peter jackson,220
michael schultz,221
john carpenter,222
michael d. sellers,223
rafa lara,224
jean-pierre jeunet,225
colin strause,226
jim field smith,227
charles s. dutton,228
david s. ward,229
kevin lima,230
grant heslov,231
robin budd,232
eric nicholas,233
oliver stone,234
gérard krawczyk,235
qasim basir,236
kirk de micco,237
joel schumacher,238
marc webb,239
robert redford,240
phil joanou,241
joseph mazzella,242
gregor jordan,243
roger spottiswoode,244
james mather,245
jim gillespie,246
atom egoyan,247
troy duffy,248
steve pink,249
noah baumbach,250
lee toland krieger,251
joseph green,252
shintaro shimosawa,253
dan rush,254
michael bay,255
gore verbinski,256
florent-emilio siri,257
jorge blanco,258
mel brooks,259
alex kendrick,260
mick jackson,261
beeban kidron,262
miguel sapochnik,263
troy nixey,264
george roy hill,265
sanjay rawal,266
pete docter,267
lloyd bacon,268
kurt voss,269
susan seidelman,270
christian volckman,271
alfred hitchcock,272
philip saville,273
quentin tarantino,274
john cromwell,275
david robert mitchell,276
jonathan caouette,277
vijay chandar,278
gavin wiesen,279
georg wilhelm pabst,280
chris rock,281
laurent tirard,282
anurag basu,283
mamoru hosoda,284
eric blakeney,285
kelly asbury,286
mark tonderai,287
ivan reitman,288
w.d. hogan,289
kyle balda,290
russell friedenberg,291
blair erickson,292
bruce malmuth,293
gary nelson,294
stefen fangmeier,295
raja menon,296
charles binamé,297
shekar,298
pascal chaumeil,299
andrew traucki,300
tom ford,301
shimit amin,302
michael dougherty,303
mira nair,304
mervyn leroy,305
roger christian,306
howard hawks,307
john h. lee,308
leslie h. martinson,309
mark rosman,310
andrew fleming,311
joachim rønning,312
catherine hardwicke,313
jan de bont,314
rowdy herrington,315
gabor csupo,316
ol parker,317
joe berlinger,318
diane keaton,319
frank darabont,320
paul andrew williams,321
brad bird,322
frank whaley,323
josh schwartz,324
hitoshi matsumoto,325
paul greengrass,326
jim mickle,327
patrick read johnson,328
charlie kaufman,329
taylor hackford,330
peter medak,331
bobby farrelly,332
peter landesman,333
ed harris,334
doug lefler,335
wes craven,336
mike flanagan,337
antonio banderas,338
paul hunter,339
paul haggis,340
paul crowder,341
tom tykwer,342
lowell sherman,343
collin joseph neal,344
michael hoffman jr.,345
serdar akar,346
alex rivera,347
scott stewart,348
dan perri,349
irvin kershner,350
matthew robbins,351
mark herman,352
joe nussbaum,353
morgan spurlock,354
tom shadyac,355
ariel vromen,356
peter kassovitz,357
michael ritchie,358
paul fierlinger,359
carlos saldanha,360
gary chapman,361
blair hayes,362
charles t. kanganis,363
noel marshall,364
peter sohn,365
alan parker,366
jane campion,367
eric bross,368
dave meyers,369
tung-shing yee,370
martin campbell,371
kevin tancharoen,372
blake edwards,373
daniel taplitz,374
michael clancy,375
oliver blackburn,376
walt becker,377
ronald neame,378
john hamburg,379
michel leclerc,380
william cottrell,381
george nolfi,382
ted post,383
peter stebbings,384
rusty cundieff,385
john mctiernan,386
robert adetuyi,387
bill paxton,388
ellory elkayem,389
michael cohn,390
louis morneau,391
zoran lisinac,392
larry charles,393
gerry lively,394
harry beaumont,395
james bidgood,396
nicholas fackler,397
kurt hale,398
eytan fox,399
jack conway,400
kevin tenney,401
john boorman,402
brian dannelly,403
juraj jakubisko,404
eric schaeffer,405
peyton reed,406
michael haneke,407
marco kreuzpaintner,408
michael mcgowan,409
menno meyjes,410
tony goldwyn,411
richard raymond,412
robert heath,413
paul donovan,414
mars callahan,415
ari kirschenbaum,416
peter chelsom,417
nicole holofcener,418
finn taylor,419
lee tamahori,420
jodie foster,421
youssef delara,422
robert harmon,423
dave borthwick,424
julian jarrold,425
david zucker,426
ken loach,427
tim fywell,428
harmony korine,429
julie davis,430
judd apatow,431
mor loushy,432
wajahat rauf,433
david ray,434
kurt wimmer,435
pierre coffin,436
majid majidi,437
james isaac,438
stuart gordon,439
mark mylod,440
richard ayoade,441
spike lee,442
amy heckerling,443
james frawley,444
rand ravich,445
ruben fleischer,446
robert zemeckis,447
brian trenchard-smith,448
joshua michael stern,449
travis legge,450
clay kaytis,451
lewis gilbert,452
fatih akin,453
sarah smith,454
steve boyum,455
peter faiman,456
joel anderson,457
jonas åkerlund,458
steve mcqueen,459
leon ford,460
wes ball,461
nancy walker,462
perry andelin blake,463
robert fontaine,464
antonio simoncini,465
david moreau,466
billy ray,467
zach cregger,468
michael dinner,469
raja gosnell,470
jeremy sims,471
jon stewart,472
dan harris,473
robert rossen,474
dan zukovic,475
josh trank,476
john moore,477
panos cosmatos,478
jennifer yuh nelson,479
ricki stern,480
richard donner,481
darnell martin,482
tanner beard,483
vipul amrutlal shah,484
mark rydell,485
steve martino,486
david palmer,487
scott kalvert,488
dominic sena,489
ron clements,490
christian carion,491
anton corbijn,492
ted demme,493
louis c.k.,494
boris rodriguez,495
gary ross,496
bill duke,497
genndy tartakovsky,498
richard wallace,499
william h. macy,500
susanna white,501
randal kleiser,502
jake paltrow,503
mel smith,504
tommy wirkola,505
steve bendelack,506
steve gomer,507
andrew steggall,508
liliana cavani,509
joe camp,510
john stephenson,511
mark brown,512
ice cube,513
ryan smith,514
floria sigismondi,515
dwight h. little,516
michael winterbottom,517
daniel columbie,518
david schwimmer,519
alan metter,520
james cox,521
tim mccanlies,522
pitof,523
simon wells,524
costa-gavras,525
miguel arteta,526
greg coolidge,527
florian henckel von donnersmarck,528
jonathan demme,529
preston a. whitmore ii,530
michael jai white,531
daniel hsia,532
penelope spheeris,533
stefan schwartz,534
don coscarelli,535
david dobkin,536
adam rapp,537
christopher cain,538
aaron hann,539
john polson,540
david lam,541
sngmoo lee,542
hideo nakata,543
steve miner,544
christopher leitch,545
steve carver,546
michael polish,547
gavin hood,548
mike judge,549
vic sarin,550
jez butterworth,551
matt dillon,552
hao ning,553
peter ho-sun chan,554
nickolas perry,555
robert cary,556
mora stephens,557
anthony bell,558
george cukor,559
derrick borte,560
michael patrick king,561
ryûhei kitamura,562
sarik andreasyan,563
douglas cheek,564
richard rich,565
orson welles,566
kevin greutert,567
thor freudenthal,568
theodore melfi,569
f. gary gray,570
alex van warmerdam,571
mike nichols,572
david bowers,573
nanette burstein,574
bryan barber,575
joe cornish,576
giuliano montaldo,577
tony gilroy,578
brian levant,579
ernie barbarash,580
ralph nelson,581
ken kwapis,582
cathy malkasian,583
christopher guest,584
brad j. silverman,585
alexander witt,586
morgan neville,587
david carson,588
brenda chapman,589
stacy peralta,590
mike van diem,591
daisy von scherler mayer,592
david oelhoffen,593
neema barnette,594
brenton spencer,595
miranda july,596
john cornell,597
bill condon,598
craig brewer,599
bill melendez,600
jonathan english,601
simon wincer,602
saul dibb,603
randall miller,604
paul bartel,605
david mamet,606
tomm moore,607
kevin macdonald,608
randy moore,609
elaine may,610
pan nalin,611
brian a miller,612
john madden,613
rob marshall,614
brian caunter,615
taedong park,616
andrew bergman,617
olatunde osunsanmi,618
matt jackson,619
jeffrey st. jules,620
leos carax,621
darren aronofsky,622
sam taylor-johnson,623
ciarán foy,624
mark illsley,625
john hoffman,626
tom elkins,627
james david pasternak,628
anthony minghella,629
edward norton,630
peter lepeniotis,631
robby henson,632
jon avnet,633
eric eason,634
kevin rodney sullivan,635
frank miller,636
benedek fliegauf,637
pat o'connor,638
sara sugarman,639
paul king,640
martin lawrence,641
andrew niccol,642
arie posin,643
gary mckendry,644
roger vadim,645
jonathan kaplan,646
david webb peoples,647
cody cameron,648
douglas trumbull,649
tim hill,650
gus van sant,651
alex garland,652
bruno barreto,653
john huston,654
john patrick shanley,655
mike barker,656
andrzej bartkowiak,657
brian yuzna,658
craig zobel,659
m. night shyamalan,660
paul tibbitt,661
marcus dunstan,662
baz luhrmann,663
salim akil,664
patty jenkins,665
jon turteltaub,666
victor fleming,667
don siegel,668
henry alex rubin,669
david sington,670
mark romanek,671
michael herz,672
mary mcguckian,673
courtney hunt,674
john whitesell,675
roger avary,676
peter lord,677
hyung-rae shim,678
chan-wook park,679
james nunn,680
richard j. lewis,681
julie anne robinson,682
andrey konchalovskiy,683
james dodson,684
françois truffaut,685
byron howard,686
tuck tucker,687
tim robbins,688
robert sarkies,689
bernardo bertolucci,690
len wiseman,691
nick tomnay,692
andrew davis,693
brett ratner,694
joe chappelle,695
ken scott,696
matt maiellaro,697
marilyn agrelo,698
colin higgins,699
brian koppelman,700
christine jeffs,701
barry w. blaustein,702
jean-luc godard,703
bruce paltrow,704
adrienne shelly,705
mike cahill,706
james gartner,707
amat escalante,708
benedikt erlingsson,709
sofia coppola,710
jon cassar,711
alan alda,712
jack heller,713
andrew douglas,714
jonathan frakes,715
tim miller,716
eli roth,717
isaac florentine,718
charles adelman,719
john herzfeld,720
don hall,721
bruce mcdonald,722
allen hughes,723
terry gilliam,724
william malone,725
luke greenfield,726
robert lee king,727
lance mungia,728
mikael håfström,729
tom hanks,730
daniel espinosa,731
joe swanberg,732
karan johar,733
matthew r. anderson,734
michael o. sajbel,735
mary lambert,736
peter h. hunt,737
richard schenkman,738
jason connery,739
luis llosa,740
tom reeve,741
joan chen,742
sam mendes,743
bruce campbell,744
zal batmanglij,745
anthony powell,746
chuck russell,747
piyush dinker pandya,748
tom hooper,749
michael taliferro,750
dan gilroy,751
dean israelite,752
john sayles,753
katherine brooks,754
don mancini,755
terry zwigoff,756
michael anderson,757
rob cohen,758
enrique begne,759
matt birch,760
jim jarmusch,761
garth jennings,762
bruce beresford,763
kevin jordan,764
eric styles,765
john mcnaughton,766
ernest r. dickerson,767
ira sachs,768
patrick meaney,769
todd phillips,770
michael j. bassett,771
stephen sommers,772
sam raimi,773
peter segal,774
andrew morahan,775
craig bolotin,776
nora ephron,777
mitchell lichtenstein,778
xavier gens,779
sean anders,780
stephen gaghan,781
chris miller,782
mark waters,783
joseph kahn,784
matt piedmont,785
steve barron,786
mike figgis,787
paul schrader,788
timothy björklund,789
wych kaosayananda,790
victor nunez,791
peter sollett,792
bob dolman,793
jon wright,794
peter cousens,795
brad peyton,796
ole christian madsen,797
juan carlos fresnadillo,798
garry marshall,799
lena dunham,800
jonas elmer,801
kari skogland,802
jeff wadlow,803
edward burns,804
matt cimber,805
karey kirkpatrick,806
stephen kijak,807
danny steinmann,808
seth macfarlane,809
gregory hoblit,810
john wells,811
josh boone,812
mark a.z. dippé,813
sean mcnamara,814
eric bress,815
chris buck,816
david o. russell,817
gene quintano,818
john carney,819
jeff garlin,820
tom seidman,821
mike disa,822
etan cohen,823
greg marcks,824
kabir sadanand,825
richard marquand,826
james fargo,827
vicky jenson,828
sam weisman,829
adam shankman,830
irwin winkler,831
george tillman jr.,832
jamel debbouze,833
john maybury,834
james marsh,835
rakesh roshan,836
leslie small,837
steven r. monroe,838
alex proyas,839
greg harrison,840
alex cox,841
rob hedden,842
jeff nichols,843
steven shainberg,844
richard linklater,845
patricia riggen,846
robert luketic,847
joseph gordon-levitt,848
cédric klapisch,849
john pasquin,850
james gray,851
émile gaudreault,852
gabe ibáñez,853
hong-jin na,854
lee unkrich,855
nathan greno,856
david worth,857
steve hickner,858
tom mcgrath,859
anand tucker,860
álex de la iglesia,861
mitchell altieri,862
andrew jarecki,863
kenneth johnson,864
matt williams,865
john frankenheimer,866
harold becker,867
justin lin,868
guillaume ivernel,869
gary trousdale,870
scott alexander,871
roland joffé,872
ayan mukerji,873
werner herzog,874
michael chapman,875
john curran,876
daniel barber,877
benjamin dickinson,878
robert mulligan,879
david jacobson,880
james demonaco,881
gareth evans,882
dan curtis,883
giovanni zelko,884
benni diez,885
jeremy degruson,886
james ivory,887
drew goddard,888
liv ullmann,889
aleksey german,890
jonathan levine,891
wayne wang,892
zackary adler,893
nimród antal,894
jamie blanks,895
demian lichtenstein,896
emile ardolino,897
martin scorsese,898
jeff tremaine,899
ringo lam,900
scott walker,901
agnieszka wojtowicz-vosloo,902
deepa mehta,903
max joseph,904
dany boon,905
simeon rice,906
drake doremus,907
johnny remo,908
gabriele muccino,909
d. stevens,910
khalid mohamed,911
carlos carrera,912
herbert ross,913
emilio estevez,914
willard huyck,915
asghar farhadi,916
dan trachtenberg,917
jim goddard,918
hark tsui,919
joe carnahan,920
abel ferrara,921
scandar copti,922
david cross,923
linda mendoza,924
laslo benedek,925
sam miller,926
matt johnson,927
jeta amata,928
patrick lussier,929
jim fall,930
måns mårlind,931
istván szabó,932
alice wu,933
john badham,934
alexander payne,935
lawrence kasdan,936
richard williams,937
dennis iliadis,938
noam murro,939
kimberly peirce,940
ed gass-donnelly,941
peter atencio,942
jon gunn,943
stuart beattie,944
george lucas,945
tony giglio,946
david slade,947
john simpson,948
rita merson,949
chris columbus,950
amal al-agroobi,951
pierre morel,952
gnana rajasekaran,953
chris butler,954
roland suso richter,955
masayuki ochiai,956
j. lee thompson,957
emily young,958
kevin hooks,959
chuan lu,960
doug liman,961
louis leterrier,962
jon amiel,963
nate parker,964
bobby roth,965
chris eyre,966
mark steven johnson,967
neil labute,968
mikael salomon,969
alan shapiro,970
je-kyu kang,971
darren stein,972
oliver parker,973
dito montiel,974
nigel cole,975
nick gomez,976
mike gabriel,977
agnieszka holland,978
ritesh batra,979
francis lawrence,980
eric valette,981
barry sonnenfeld,982
john 'bud' cardos,983
chris weitz,984
jeremy saulnier,985
kate connor,986
clark baker,987
d.j. caruso,988
steve buscemi,989
joseph sargent,990
jesse dylan,991
conor mcmahon,992
james wan,993
michel hazanavicius,994
lijun sun,995
jaime zevallos,996
jason moore,997
hue rhodes,998
joon-ho bong,999
brendan malloy,1000
benny boom,1001
scott dow,1002
catherine gund,1003
marcus nispel,1004
melvin van peebles,1005
mark osborne,1006
neil jordan,1007
luc besson,1008
gregory jacobs,1009
stiles white,1010
tom holland,1011
peter howitt,1012
richard lester,1013
carroll ballard,1014
will canon,1015
stephen kay,1016
brad anderson,1017
leon ichaso,1018
steven e. de souza,1019
josh gordon,1020
patrick ryan sims,1021
dennie gordon,1022
floyd mutrux,1023
george miller,1024
katt shea,1025
christopher m. bessette,1026
fedor bondarchuk,1027
rick bieber,1028
valeri milev,1029
pedro almodóvar,1030
robert b. weide,1031
jake schreier,1032
barrett esposito,1033
zak penn,1034
katherine dieckmann,1035
patricia cardoso,1036
alex gibney,1037
bo welch,1038
charles shyer,1039
todd lincoln,1040
joseph ruben,1041
bo zenga,1042
andrew hyatt,1043
mennan yapo,1044
robert butler,1045
charles chaplin,1046
martin koolhoven,1047
john waters,1048
hank braxtan,1049
maurice joyce,1050
bille august,1051
john luessenhop,1052
curtis hanson,1053
david wain,1054
newt arnold,1055
joe wright,1056
corey yuen,1057
albert hughes,1058
vincenzo natali,1059
patricia rozema,1060
mike leigh,1061
monte hellman,1062
david lynch,1063
jason bateman,1064
ryan coogler,1065
hideaki anno,1066
john singleton,1067
dewey nicks,1068
gregory nava,1069
michael moore,1070
udayan prasad,1071
ken annakin,1072
jaume balagueró,1073
gillian armstrong,1074
gina prince-bythewood,1075
fernando baez mella,1076
marielle heller,1077
chris noonan,1078
andrew haigh,1079
steve trenbirth,1080
cedric nicolas-troyan,1081
nicholas hytner,1082
robert d. webb,1083
joe charbanic,1084
robert eggers,1085
nicholas stoller,1086
niels arden oplev,1087
sue corcoran,1088
susan stroman,1089
arjun sablok,1090
corey grant,1091
emma-kate croghan,1092
fernando meirelles,1093
kelly reichardt,1094
geoff murphy,1095
stanley donen,1096
eric england,1097
henry selick,1098
hironobu sakaguchi,1099
barbra streisand,1100
jeffrey w. byrd,1101
trent cooper,1102
chris robinson,1103
phil traill,1104
natalie bible',1105
stephen herek,1106
michael mayer,1107
matty rich,1108
alex craig mann,1109
sam peckinpah,1110
charles stone iii,1111
daniel petrie jr.,1112
justin dillon,1113
risa bramon garcia,1114
robert wise,1115
brett piper,1116
jonathan dayton,1117
peter flinth,1118
duane journey,1119
warren sheppard,1120
richard kwietniowski,1121
michael spierig,1122
kevin spacey,1123
ian fitzgibbon,1124
thorbjørn christoffersen,1125
jon kasdan,1126
glenn ficarra,1127
james cameron,1128
ben wheatley,1129
marcos siega,1130
salvador carrasco,1131
fred zinnemann,1132
perry lang,1133
caroline link,1134
jerry belson,1135
john reinhardt,1136
anne fontaine,1137
chris kentis,1138
richard curtis,1139
travis cluff,1140
éric tessier,1141
george stevens,1142
r.j. cutler,1143
jason friedberg,1144
hugh hudson,1145
oren moverman,1146
mikel rueda,1147
guy hamilton,1148
shana feste,1149
janusz kaminski,1150
levan gabriadze,1151
william kaufman,1152
jk youn,1153
andrew berends,1154
will gluck,1155
oleg stepchenko,1156
asger leth,1157
j.s. cardone,1158
wes anderson,1159
andy cadiff,1160
peter cattaneo,1161
jonathan glazer,1162
maksim fadeev,1163
eugène lourié,1164
mark griffiths,1165
marcio garcia,1166
hal haberman,1167
richard fleischer,1168
todd haynes,1169
clark gregg,1170
josé padilha,1171
daniel stamm,1172
duke johnson,1173
nathan frankowski,1174
steven brill,1175
henry hobson,1176
gary shore,1177
anthony hemingway,1178
mark neveldine,1179
claudia sainte-luce,1180
ruba nadda,1181
ben lewin,1182
brad furman,1183
dustin hoffman,1184
d.w. griffith,1185
tate taylor,1186
des mcanuff,1187
howard deutch,1188
tommy o'haver,1189
mark piznarski,1190
jeff lowell,1191
brandon landers,1192
jérôme salle,1193
rachel talalay,1194
mateo gil,1195
katie aselton,1196
richard montoya,1197
charles martin smith,1198
peter r. hunt,1199
al silliman jr.,1200
benjamin roberds,1201
kim farrant,1202
j.a. bayona,1203
vincent gallo,1204
george jackson,1205
william dear,1206
shane acker,1207
william arntz,1208
larry blamire,1209
maggie carey,1210
john lee hancock,1211
paul fox,1212
michael meredith,1213
jeff kanew,1214
christopher morris,1215
anthony russo,1216
mickey liddell,1217
james wong,1218
terence davies,1219
jason miller,1220
donald petrie,1221
fred savage,1222
efram potelle,1223
eric darnell,1224
george clooney,1225
ric roman waugh,1226
joel coen,1227
vic armstrong,1228
scott marshall,1229
julien temple,1230
mark young,1231
penny marshall,1232
sanaa hamri,1233
christopher spencer,1234
john cameron mitchell,1235
jay oliva,1236
maria maggenti,1237
michael wadleigh,1238
ron maxwell,1239
evan goldberg,1240
david soren,1241
jeff burr,1242
nat faxon,1243
gareth edwards,1244
john erick dowdle,1245
marc bennett,1246
gavin o'connor,1247
analeine cal y mayor,1248
thomas lilti,1249
matthew o'callaghan,1250
kirk loudon,1251
cameron crowe,1252
tina gordon chism,1253
rodrigo garcía,1254
steven zaillian,1255
danny provenzano,1256
danny pang,1257
edward hall,1258
peter care,1259
william sachs,1260
matt bettinelli-olpin,1261
george ratliff,1262
lynn shelton,1263
nadine labaki,1264
mike newell,1265
john murlowski,1266
lawrence kasanoff,1267
lawrence guterman,1268
joseph l. mankiewicz,1269
stig bergqvist,1270
ryan murphy,1271
william wyler,1272
stevan mena,1273
michael radford,1274
tony krantz,1275
eugenio derbez,1276
antonia bird,1277
frank lotito,1278
scott speer,1279
jean-marc vallée,1280
bob giraldi,1281
david leland,1282
tim burton,1283
jerry zucker,1284
sheldon lettich,1285
steven seagal,1286
rachel perkins,1287
jaume collet-serra,1288
gideon raff,1289
damien dante wayans,1290
clark johnson,1291
tobe hooper,1292
don kempf,1293
matthew hastings,1294
king vidor,1295
todd graff,1296
kate barker-froyland,1297
harald reinl,1298
frank marshall,1299
gilles paquet-brenner,1300
steven quale,1301
jim amatulli,1302
marc lawrence,1303
thaddeus o'sullivan,1304
jeannot szwarc,1305
jorge r. gutiérrez,1306
kelly makin,1307
paul thomas anderson,1308
sidney j. furie,1309
anna boden,1310
frank capra,1311
e. elias merhige,1312
eddie o'flaherty,1313
morgan j. freeman,1314
rakeysh omprakash mehra,1315
jugal hansraj,1316
ray lawrence,1317
jason eisener,1318
callie khouri,1319
dan o'bannon,1320
gary hardwick,1321
mike hodges,1322
stanley tong,1323
myles berkowitz,1324
michael roemer,1325
nick cassavetes,1326
fred durst,1327
paul feig,1328
john woo,1329
annabel jankel,1330
danny cannon,1331
matthew vaughn,1332
john gray,1333
joe pytka,1334
mel stuart,1335
sydney pollack,1336
gene teigland,1337
david hayter,1338
george sidney,1339
matthew bright,1340
steve carr,1341
woo-suk kang,1342
lluís quílez,1343
kinka usher,1344
jamin winans,1345
randall wallace,1346
patrick gilmore,1347
richard eyre,1348
steve box,1349
bob odenkirk,1350
stephen j. anderson,1351
liz friedlander,1352
david winters,1353
anna muylaert,1354
robert towne,1355
randall rubin,1356
mark sandrich,1357
guillaume canet,1358
bigas luna,1359
joe dante,1360
jonathan teplitzky,1361
erik canuel,1362
george armitage,1363
andrew stanton,1364
maïwenn,1365
melville shavelson,1366
c. jay cox,1367
emily dell,1368
sylvain chomet,1369
nicolas winding refn,1370
andrey zvyagintsev,1371
brad silberling,1372
ethan coen,1373
jackie earle haley,1374
aki kaurismäki,1375
james gunn,1376
vidhu vinod chopra,1377
damian nieman,1378
siddharth anand,1379
kevin carraway,1380
rick rosenthal,1381
sally potter,1382
joseph zito,1383
james foley,1384
claude miller,1385
richard benjamin,1386
harold ramis,1387
alan poul,1388
kriv stenders,1389
adam mckay,1390
gary fleder,1391
peter hyams,1392
lee daniels,1393
sean durkin,1394
gerald potterton,1395
john stainton,1396
griffin dunne,1397
stephen frears,1398
hugh wilson,1399
tommy lee wallace,1400
harry elfont,1401
paul weiland,1402
jim sheridan,1403
neil burger,1404
david raynr,1405
martha coolidge,1406
tomas alfredson,1407
gurinder chadha,1408
will finn,1409
iain softley,1410
reginald hudlin,1411
tom dicillo,1412
jean-jacques mantello,1413
keith gordon,1414
walter lang,1415
jee-woon kim,1416
catherine owens,1417
ron underwood,1418
dean parisot,1419
mark pellington,1420
john r. leonetti,1421
li zhang,1422
allison anders,1423
duncan tucker,1424
sharon maguire,1425
david fincher,1426
john lasseter,1427
kiyoshi kurosawa,1428
sidney lumet,1429
kirk jones,1430
fred walton,1431
nick love,1432
chia-liang liu,1433
eric bugbee,1434
pou-soi cheang,1435
john glen,1436
henry koster,1437
luis mandoki,1438
andy fickman,1439
martin mcdonagh,1440
david m. matthews,1441
julian schnabel,1442
anna mastro,1443
william a. graham,1444
andré øvredal,1445
jack smight,1446
robert schwentke,1447
james ponsoldt,1448
greg tiernan,1449
jorma taccone,1450
rob letterman,1451
keenen ivory wayans,1452
andrés muschietti,1453
tom vaughan,1454
bruce macdonald,1455
paul gross,1456
kris isacsson,1457
andrew currie,1458
joshua marston,1459
lloyd kaufman,1460
john g. avildsen,1461
john a. davis,1462
phil lord,1463
darren grant,1464
morten tyldum,1465
diane english,1466
wayne beach,1467
justin chadwick,1468
frédéric forestier,1469
dan ireland,1470
shyam madiraju,1471
robert lorenz,1472
michael tiddes,1473
meiert avis,1474
ari folman,1475
william eubank,1476
stephen chow,1477
jesse vaughan,1478
mel gibson,1479
nadia tass,1480
audrey wells,1481
frederik du chau,1482
michael corrente,1483
max färberböck,1484
tony scott,1485
zach braff,1486
timur bekmambetov,1487
yuefeng song,1488
maggie greenwald,1489
les mayfield,1490
gerard johnstone,1491
cecil b. demille,1492
robert stevenson,1493
alejandro amenábar,1494
richard loncraine,1495
martin ritt,1496
khalil sullins,1497
marc abraham,1498
roger allers,1499
steve taylor,1500
james mcteigue,1501
john ottman,1502
john eng,1503
john sturges,1504
tom schulman,1505
john duigan,1506
michael caton-jones,1507
daniel sackheim,1508
jim hanon,1509
ruggero deodato,1510
steve antin,1511
chris gorak,1512
harley cokeliss,1513
joel zwick,1514
babar ahmed,1515
tom dey,1516
edward zwick,1517
scott hicks,1518
joby harold,1519
bob rafelson,1520
chuck sheetz,1521
jerome elston scott,1522
marianna palka,1523
ricky gervais,1524
klaus menzel,1525
angela robinson,1526
david nixon,1527
stuart baird,1528
bille woodruff,1529
richard dutcher,1530
sergey bodrov,1531
stanley kramer,1532
michael pressman,1533
colin trevorrow,1534
lucky mckee,1535
aaron schneider,1536
greg berlanti,1537
michael burke,1538
matthew diamond,1539
guillermo del toro,1540
georgia hilton,1541
chad kapper,1542
william a. fraker,1543
darrell roodt,1544
ericson core,1545
jamie babbit,1546
oren peli,1547
wil shriner,1548
rob pritts,1549
henry hathaway,1550
seth gordon,1551
ava duvernay,1552
lana wachowski,1553
daniel barnz,1554
darren lynn bousman,1555
damien o'donnell,1556
bibo bergeron,1557
franck khalfoun,1558
jason trost,1559
brian gibson,1560
joseph kosinski,1561
chris koch,1562
ekachai uekrongtham,1563
richard attenborough,1564
danny devito,1565
michael curtiz,1566
tom mccarthy,1567
ron shelton,1568
michael patrick jann,1569
goran dukic,1570
baltasar kormákur,1571
mark helfrich,1572
sterling van wagenen,1573
tara subkoff,1574
tony kaye,1575
takashi yamazaki,1576
alexandre aja,1577
robert altman,1578
dror moreh,1579
paul bolger,1580
kundan shah,1581
gary sherman,1582
ron fricke,1583
gil junger,1584
carmen marron,1585
richard shepard,1586
tom sanchez,1587
christopher landon,1588
alan yuen,1589
james kerwin,1590
rich moore,1591
stéphane aubier,1592
peter yates,1593
aleksandr veledinskiy,1594
conor mcpherson,1595
dan cutforth,1596
alister grierson,1597
kevin brodie,1598
angelina jolie pitt,1599
luis valdez,1600
terence young,1601
jay duplass,1602
lauren lazin,1603
olivier megaton,1604
cassandra nicolaou,1605
h.m. coakley,1606
babak najafi,1607
harald zwart,1608
hans canosa,1609
steven spielberg,1610
sean penn,1611
bart freundlich,1612
brian de palma,1613
robert greenwald,1614
jessica bendinger,1615
michael hoffman,1616
richard kelly,1617
howard zieff,1618
feroz abbas khan,1619
andrew bujalski,1620
ronny yu,1621
rick friedberg,1622
kay pollak,1623
ted kotcheff,1624
anthony silverston,1625
thomas bezucha,1626
scott mann,1627
breck eisner,1628
mike nawrocki,1629
ash brannon,1630
frank sebastiano,1631
jerry jameson,1632
mark tarlov,1633
adam green,1634
kirk wong,1635
beto gómez,1636
william friedkin,1637
j.c. chandor,1638
jane clark,1639
david ayer,1640
michael crichton,1641
fred wolf,1642
jay chandrasekhar,1643
jamaa fanaka,1644
rod lurie,1645
lone scherfig,1646
harry gantz,1647
clint eastwood,1648
frank perry,1649
teddy chan,1650
isabel coixet,1651
sergey bondarchuk,1652
nick hamm,1653
ken del conte,1654
john d. hancock,1655
peter ramsey,1656
fernando león de aranoa,1657
mitch davis,1658
jason alexander,1659
robert ben garant,1660
rob minkoff,1661
ben affleck,1662
kevin donovan,1663
john hillcoat,1664
stuart hazeldine,1665
rawson marshall thurber,1666
tim johnson,1667
richard boddington,1668
fritz lang,1669
elia kazan,1670
david pastor,1671
betty thomas,1672
eli craig,1673
david anspaugh,1674
douglas mcgrath,1675
christophe barratier,1676
ryan little,1677
reinhard klooss,1678
michael cristofer,1679
sadyk sher-niyaz,1680
james l. brooks,1681
mike mitchell,1682
niki caro,1683
carlos saura,1684
stephen milburn anderson,1685
kevin bray,1686
aaron seltzer,1687
lucile hadzihalilovic,1688
nacho vigalondo,1689
david koepp,1690
akira kurosawa,1691
gil kenan,1692
shane carruth,1693
michael lembeck,1694
josé luis valenzuela,1695
neill blomkamp,1696
charles herman-wurmfeld,1697
eric brevig,1698
guy ritchie,1699
kevin smith,1700
takao okawara,1701
brian robbins,1702
jonathan wacks,1703
jean-marie poiré,1704
jason reitman,1705
michael sucsy,1706
zack snyder,1707
franklin j. schaffner,1708
frank borzage,1709
j.j. abrams,1710
alfonso cuarón,1711
vadim perelman,1712
errol morris,1713
bradley parker,1714
frédéric auburtin,1715
nancy meyers,1716
julian gilbey,1717
john dahl,1718
rob schmidt,1719
jaco booyens,1720
graham annable,1721
danny boyle,1722
peter hastings,1723
roger michell,1724
brandon camp,1725
jon favreau,1726
james o'brien,1727
adam brooks,1728
stanley kubrick,1729
carol reed,1730
dan scanlon,1731
bill muir,1732
jesse peretz,1733
robert c. cooper,1734
akiva schaffer,1735
marcus raboy,1736
john francis daley,1737
rupert wyatt,1738
brian helgeland,1739
franco zeffirelli,1740
rob hawk,1741
michael cuesta,1742
philip kaufman,1743
eldar rapaport,1744
jason zada,1745
gonzalo lópez-gallego,1746
josef rusnak,1747
shane meadows,1748
craig r. baxley,1749
alex smith,1750
ralph ziman,1751
brian klugman,1752
david lean,1753
bill plympton,1754
michael cimino,1755
giuseppe tornatore,1756
paul abascal,1757
r. balki,1758
stephen daldry,1759
walter murch,1760
john gulager,1761
george gallo,1762
joshua logan,1763
rodman flender,1764
patrick stettner,1765
martin brest,1766
bonnie hunt,1767
rian johnson,1768
jay roach,1769
andrew dominik,1770
katja von garnier,1771
roger kumble,1772
kim nguyen,1773
peter berg,1774
michael apted,1775
jonathan jakubowicz,1776
eric leighton,1777
ridley scott,1778
nick murphy,1779
tim blake nelson,1780
nicholas meyer,1781
norman ferguson,1782
stephen hillenburg,1783
james mangold,1784
jennifer flackett,1785
lars von trier,1786
david frankel,1787
david duchovny,1788
charles robert carner,1789
david mcnally,1790
françois ozon,1791
david atkins,1792
ian sharp,1793
yimou zhang,1794
scott waugh,1795
brandon cronenberg,1796
matt reeves,1797
william shatner,1798
bobcat goldthwait,1799
leigh whannell,1800
yash chopra,1801
theodore witcher,1802
craig johnson,1803
yarrow cheney,1804
hal needham,1805
jody hill,1806
gaspar noé,1807
jeff crook,1808
jake goldberger,1809
mary harron,1810
wilson yip,1811
david boyd,1812
tamara jenkins,1813
marco schnabel,1814
joe johnston,1815
michel gondry,1816
christian duguay,1817
jim sonzero,1818
paul mazursky,1819
leslye headland,1820
becky smith,1821
marc forster,1822
steven soderbergh,1823
peter m. cohen,1824
shekhar kapur,1825
courtney solomon,1826
jeremy leven,1827
vicente amorim,1828
tommy lee jones,1829
takeshi kitano,1830
peter macdonald,1831
russell holt,1832
eric lartigau,1833
charles matthau,1834
jerry rees,1835
mic rodgers,1836
scott foley,1837
jon m. chu,1838
norman jewison,1839
phyllida lloyd,1840
benh zeitlin,1841
kar-wai wong,1842
chris nahon,1843
simon west,1844
lajos koltai,1845
christian ditter,1846
lisa cholodenko,1847
vincent ward,1848
henry joost,1849
alain resnais,1850
jehane noujaim,1851
a. raven cruz,1852
rené féret,1853
gordon chan,1854
oliver hirschbiegel,1855
david hackl,1856
michael mccullers,1857
thomas carter,1858
allan arkush,1859
daniel algrant,1860
wally pfister,1861
bob spiers,1862
john schlesinger,1863
bruce mcculloch,1864
igor kovalyov,1865
antoine fuqua,1866
cory edwards,1867
richard lagravenese,1868
matthew watts,1869
bryan singer,1870
christian e. christiansen,1871
billy kent,1872
carl franklin,1873
petter næss,1874
jonathan mostow,1875
alan j. pakula,1876
claude chabrol,1877
harmage singh kalirai,1878
alessandro carloni,1879
phil claydon,1880
joss whedon,1881
simon curtis,1882
ash baron-cohen,1883
robert stromberg,1884
ron howard,1885
marius a. markevicius,1886
kevin munroe,1887
victor salva,1888
raymond de felitta,1889
elizabeth allen rosenbaum,1890
wayne thornley,1891
lukas moodysson,1892
nae caranfil,1893
leonard nimoy,1894
charles ferguson,1895
timothy woodward jr.,1896
kenny ortega,1897
jared hess,1898
stefan ruzowitzky,1899
kevin hamedani,1900
kevin costner,1901
chris stokes,1902
don taylor,1903
damien chazelle,1904
tyler oliver,1905
roman polanski,1906
joe roth,1907
allen coulter,1908
marc f. adler,1909
ang lee,1910
paul bunnell,1911
michael dowse,1912
danny leiner,1913
john milius,1914
woody allen,1915
peter webber,1916
david nutter,1917
mark christopher,1918
jacob aaron estes,1919
tarsem singh,1920
jeremy brock,1921
hoyt yeatman,1922
whit stillman,1923
paul verhoeven,1924
stephan elliott,1925
dan fogelman,1926
ben stiller,1927
nicholas ray,1928
chris shadley,1929
j.b. rogers,1930
tyler perry,1931
christophe gans,1932
kevin allen,1933
walter salles,1934
deon taylor,1935
anthony hickox,1936
jon knautz,1937
russ meyer,1938
terrence malick,1939
olivier dahan,1940
john michael mcdonagh,1941
ole bornedal,1942
rupert sanders,1943
mimi leder,1944
peter weir,1945
ferzan ozpetek,1946
kathryn bigelow,1947
dena seidel,1948
uli edel,1949
luca guadagnino,1950
léa pool,1951
chris roberts,1952
shari springer berman,1953
don bluth,1954
andrea di stefano,1955
russell crowe,1956
stephen carpenter,1957
david gordon green,1958
amanda gusack,1959
pete travis,1960
james manera,1961
inna evlannikova,1962
mark andrews,1963
drew barrymore,1964
tamra davis,1965
kirsten sheridan,1966
david mirkin,1967
john ford,1968
don michael paul,1969
nelson mccormick,1970
steve oedekerk,1971
billy wilder,1972
davis guggenheim,1973
carl theodor dreyer,1974
michael gornick,1975
khyentse norbu,1976
david twohy,1977
kasi lemmons,1978
anthony mann,1979
antony hoffman,1980
clare kilner,1981
martyn pick,1982
douglas aarniokoski,1983
george hickenlooper,1984
david kellogg,1985
michael tollin,1986
robert marcarelli,1987
jonathan hensleigh,1988
jerome robbins,1989
gary halvorson,1990
jun falkenstein,1991
dennis dugan,1992
jon hurwitz,1993
sam firstenberg,1994
rowan joffe,1995
henry jaglom,1996
jonathan newman,1997
gregory widen,1998
david caffrey,1999
kenneth branagh,2000
phil alden robinson,2001
julie taymor,2002
ben younger,2003
laurence dunmore,2004
vondie curtis-hall,2005
darin scott,2006
sherman alexie,2007
michael lehmann,2008
nicholas jarecki,2009
barry cook,2010
ralph fiennes,2011
stephen norrington,2012
andy garcia,2013
billy bob thornton,2014
françois girard,2015
vincent paronnaud,2016
jack sholder,2017
ben stassen,2018
patrick tatopoulos,2019
forest whitaker,2020
paul weitz,2021
dominic burns,2022
wolfgang petersen,2023
john fortenberry,2024
dave green,2025
karyn kusama,2026
steve james,2027
elizabeth banks,2028
wayne kramer,2029
jérôme deschamps,2030
adam marcus,2031
ruairi robinson,2032
sylvain white,2033
kimble rendall,2034
e.l. katz,2035
sam levinson,2036
scott derrickson,2037
k. king,2038
lynne ramsay,2039
jean-françois richet,2040
walter hill,2041
david gelb,2042
dave mckean,2043
quentin dupieux,2044
barbet schroeder,2045
lorene scafaria,2046
brian percival,2047
craig mazin,2048
neil marshall,2049
craig gillespie,2050
ivan engler,2051
ramaa mosley,2052
fred dekker,2053
mabrouk el mechri,2054
peter hewitt,2055
fenton bailey,2056
james algar,2057
tim story,2058
akiva goldsman,2059
david r. ellis,2060
s.s. rajamouli,2061
robert moresco,2062
jeb stuart,2063
henry king,2064
sean byrne,2065
lexi alexander,2066
rob bowman,2067
phil morrison,2068
johnnie to,2069
tony maylam,2070
jirí menzel,2071
nima nourizadeh,2072
john guillermin,2073
paul mcguigan,2074
john turturro,2075
spike jonze,2076
justin paul miller,2077
harry f. millarde,2078
alejandro monteverde,2079
chuck bowman,2080
britt allcroft,2081
rajkumar hirani,2082
jay levey,2083
ossie davis,2084
anthony vallone,2085
shinji aramaki,2086
john schultz,2087
dexter fletcher,2088
jake kasdan,2089
denys arcand,2090
michael mann,2091
hugh johnson,2092
michael rymer,2093
mario van peebles,2094
robert rodriguez,2095
james toback,2096
rohan sippy,2097
ethan maniquis,2098
daniel lee,2099
todd solondz,2100
richard brooks,2101
mike binder,2102
john stockwell,2103
bob fosse,2104
agustín díaz yanes,2105
william phillips,2106
